number	value	datetime_start	datetime_complete	duration	params_model.embedding_dim	params_negative_sampler.num_negs_per_pos	params_optimizer.lr	params_optimizer.weight_decay	params_training.batch_size	params_training.num_epochs	user_attrs_both.optimistic.adjusted_arithmetic_mean_rank	user_attrs_both.optimistic.adjusted_arithmetic_mean_rank_index	user_attrs_both.optimistic.adjusted_geometric_mean_rank_index	user_attrs_both.optimistic.adjusted_hits_at_k	user_attrs_both.optimistic.adjusted_inverse_harmonic_mean_rank	user_attrs_both.optimistic.arithmetic_mean_rank	user_attrs_both.optimistic.count	user_attrs_both.optimistic.geometric_mean_rank	user_attrs_both.optimistic.harmonic_mean_rank	user_attrs_both.optimistic.hits_at_1	user_attrs_both.optimistic.hits_at_10	user_attrs_both.optimistic.hits_at_3	user_attrs_both.optimistic.hits_at_5	user_attrs_both.optimistic.inverse_arithmetic_mean_rank	user_attrs_both.optimistic.inverse_geometric_mean_rank	user_attrs_both.optimistic.inverse_harmonic_mean_rank	user_attrs_both.optimistic.inverse_median_rank	user_attrs_both.optimistic.median_absolute_deviation	user_attrs_both.optimistic.median_rank	user_attrs_both.optimistic.standard_deviation	user_attrs_both.optimistic.variance	user_attrs_both.optimistic.z_arithmetic_mean_rank	user_attrs_both.optimistic.z_geometric_mean_rank	user_attrs_both.optimistic.z_hits_at_k	user_attrs_both.optimistic.z_inverse_harmonic_mean_rank	user_attrs_both.pessimistic.adjusted_arithmetic_mean_rank	user_attrs_both.pessimistic.adjusted_arithmetic_mean_rank_index	user_attrs_both.pessimistic.adjusted_geometric_mean_rank_index	user_attrs_both.pessimistic.adjusted_hits_at_k	user_attrs_both.pessimistic.adjusted_inverse_harmonic_mean_rank	user_attrs_both.pessimistic.arithmetic_mean_rank	user_attrs_both.pessimistic.count	user_attrs_both.pessimistic.geometric_mean_rank	user_attrs_both.pessimistic.harmonic_mean_rank	user_attrs_both.pessimistic.hits_at_1	user_attrs_both.pessimistic.hits_at_10	user_attrs_both.pessimistic.hits_at_3	user_attrs_both.pessimistic.hits_at_5	user_attrs_both.pessimistic.inverse_arithmetic_mean_rank	user_attrs_both.pessimistic.inverse_geometric_mean_rank	user_attrs_both.pessimistic.inverse_harmonic_mean_rank	user_attrs_both.pessimistic.inverse_median_rank	user_attrs_both.pessimistic.median_absolute_deviation	user_attrs_both.pessimistic.median_rank	user_attrs_both.pessimistic.standard_deviation	user_attrs_both.pessimistic.variance	user_attrs_both.pessimistic.z_arithmetic_mean_rank	user_attrs_both.pessimistic.z_geometric_mean_rank	user_attrs_both.pessimistic.z_hits_at_k	user_attrs_both.pessimistic.z_inverse_harmonic_mean_rank	user_attrs_both.realistic.adjusted_arithmetic_mean_rank	user_attrs_both.realistic.adjusted_arithmetic_mean_rank_index	user_attrs_both.realistic.adjusted_geometric_mean_rank_index	user_attrs_both.realistic.adjusted_hits_at_k	user_attrs_both.realistic.adjusted_inverse_harmonic_mean_rank	user_attrs_both.realistic.arithmetic_mean_rank	user_attrs_both.realistic.count	user_attrs_both.realistic.geometric_mean_rank	user_attrs_both.realistic.harmonic_mean_rank	user_attrs_both.realistic.hits_at_1	user_attrs_both.realistic.hits_at_10	user_attrs_both.realistic.hits_at_3	user_attrs_both.realistic.hits_at_5	user_attrs_both.realistic.inverse_arithmetic_mean_rank	user_attrs_both.realistic.inverse_geometric_mean_rank	user_attrs_both.realistic.inverse_harmonic_mean_rank	user_attrs_both.realistic.inverse_median_rank	user_attrs_both.realistic.median_absolute_deviation	user_attrs_both.realistic.median_rank	user_attrs_both.realistic.standard_deviation	user_attrs_both.realistic.variance	user_attrs_both.realistic.z_arithmetic_mean_rank	user_attrs_both.realistic.z_geometric_mean_rank	user_attrs_both.realistic.z_hits_at_k	user_attrs_both.realistic.z_inverse_harmonic_mean_rank	user_attrs_head.optimistic.adjusted_arithmetic_mean_rank	user_attrs_head.optimistic.adjusted_arithmetic_mean_rank_index	user_attrs_head.optimistic.adjusted_geometric_mean_rank_index	user_attrs_head.optimistic.adjusted_hits_at_k	user_attrs_head.optimistic.adjusted_inverse_harmonic_mean_rank	user_attrs_head.optimistic.arithmetic_mean_rank	user_attrs_head.optimistic.count	user_attrs_head.optimistic.geometric_mean_rank	user_attrs_head.optimistic.harmonic_mean_rank	user_attrs_head.optimistic.hits_at_1	user_attrs_head.optimistic.hits_at_10	user_attrs_head.optimistic.hits_at_3	user_attrs_head.optimistic.hits_at_5	user_attrs_head.optimistic.inverse_arithmetic_mean_rank	user_attrs_head.optimistic.inverse_geometric_mean_rank	user_attrs_head.optimistic.inverse_harmonic_mean_rank	user_attrs_head.optimistic.inverse_median_rank	user_attrs_head.optimistic.median_absolute_deviation	user_attrs_head.optimistic.median_rank	user_attrs_head.optimistic.standard_deviation	user_attrs_head.optimistic.variance	user_attrs_head.optimistic.z_arithmetic_mean_rank	user_attrs_head.optimistic.z_geometric_mean_rank	user_attrs_head.optimistic.z_hits_at_k	user_attrs_head.optimistic.z_inverse_harmonic_mean_rank	user_attrs_head.pessimistic.adjusted_arithmetic_mean_rank	user_attrs_head.pessimistic.adjusted_arithmetic_mean_rank_index	user_attrs_head.pessimistic.adjusted_geometric_mean_rank_index	user_attrs_head.pessimistic.adjusted_hits_at_k	user_attrs_head.pessimistic.adjusted_inverse_harmonic_mean_rank	user_attrs_head.pessimistic.arithmetic_mean_rank	user_attrs_head.pessimistic.count	user_attrs_head.pessimistic.geometric_mean_rank	user_attrs_head.pessimistic.harmonic_mean_rank	user_attrs_head.pessimistic.hits_at_1	user_attrs_head.pessimistic.hits_at_10	user_attrs_head.pessimistic.hits_at_3	user_attrs_head.pessimistic.hits_at_5	user_attrs_head.pessimistic.inverse_arithmetic_mean_rank	user_attrs_head.pessimistic.inverse_geometric_mean_rank	user_attrs_head.pessimistic.inverse_harmonic_mean_rank	user_attrs_head.pessimistic.inverse_median_rank	user_attrs_head.pessimistic.median_absolute_deviation	user_attrs_head.pessimistic.median_rank	user_attrs_head.pessimistic.standard_deviation	user_attrs_head.pessimistic.variance	user_attrs_head.pessimistic.z_arithmetic_mean_rank	user_attrs_head.pessimistic.z_geometric_mean_rank	user_attrs_head.pessimistic.z_hits_at_k	user_attrs_head.pessimistic.z_inverse_harmonic_mean_rank	user_attrs_head.realistic.adjusted_arithmetic_mean_rank	user_attrs_head.realistic.adjusted_arithmetic_mean_rank_index	user_attrs_head.realistic.adjusted_geometric_mean_rank_index	user_attrs_head.realistic.adjusted_hits_at_k	user_attrs_head.realistic.adjusted_inverse_harmonic_mean_rank	user_attrs_head.realistic.arithmetic_mean_rank	user_attrs_head.realistic.count	user_attrs_head.realistic.geometric_mean_rank	user_attrs_head.realistic.harmonic_mean_rank	user_attrs_head.realistic.hits_at_1	user_attrs_head.realistic.hits_at_10	user_attrs_head.realistic.hits_at_3	user_attrs_head.realistic.hits_at_5	user_attrs_head.realistic.inverse_arithmetic_mean_rank	user_attrs_head.realistic.inverse_geometric_mean_rank	user_attrs_head.realistic.inverse_harmonic_mean_rank	user_attrs_head.realistic.inverse_median_rank	user_attrs_head.realistic.median_absolute_deviation	user_attrs_head.realistic.median_rank	user_attrs_head.realistic.standard_deviation	user_attrs_head.realistic.variance	user_attrs_head.realistic.z_arithmetic_mean_rank	user_attrs_head.realistic.z_geometric_mean_rank	user_attrs_head.realistic.z_hits_at_k	user_attrs_head.realistic.z_inverse_harmonic_mean_rank	user_attrs_random_seed	user_attrs_tail.optimistic.adjusted_arithmetic_mean_rank	user_attrs_tail.optimistic.adjusted_arithmetic_mean_rank_index	user_attrs_tail.optimistic.adjusted_geometric_mean_rank_index	user_attrs_tail.optimistic.adjusted_hits_at_k	user_attrs_tail.optimistic.adjusted_inverse_harmonic_mean_rank	user_attrs_tail.optimistic.arithmetic_mean_rank	user_attrs_tail.optimistic.count	user_attrs_tail.optimistic.geometric_mean_rank	user_attrs_tail.optimistic.harmonic_mean_rank	user_attrs_tail.optimistic.hits_at_1	user_attrs_tail.optimistic.hits_at_10	user_attrs_tail.optimistic.hits_at_3	user_attrs_tail.optimistic.hits_at_5	user_attrs_tail.optimistic.inverse_arithmetic_mean_rank	user_attrs_tail.optimistic.inverse_geometric_mean_rank	user_attrs_tail.optimistic.inverse_harmonic_mean_rank	user_attrs_tail.optimistic.inverse_median_rank	user_attrs_tail.optimistic.median_absolute_deviation	user_attrs_tail.optimistic.median_rank	user_attrs_tail.optimistic.standard_deviation	user_attrs_tail.optimistic.variance	user_attrs_tail.optimistic.z_arithmetic_mean_rank	user_attrs_tail.optimistic.z_geometric_mean_rank	user_attrs_tail.optimistic.z_hits_at_k	user_attrs_tail.optimistic.z_inverse_harmonic_mean_rank	user_attrs_tail.pessimistic.adjusted_arithmetic_mean_rank	user_attrs_tail.pessimistic.adjusted_arithmetic_mean_rank_index	user_attrs_tail.pessimistic.adjusted_geometric_mean_rank_index	user_attrs_tail.pessimistic.adjusted_hits_at_k	user_attrs_tail.pessimistic.adjusted_inverse_harmonic_mean_rank	user_attrs_tail.pessimistic.arithmetic_mean_rank	user_attrs_tail.pessimistic.count	user_attrs_tail.pessimistic.geometric_mean_rank	user_attrs_tail.pessimistic.harmonic_mean_rank	user_attrs_tail.pessimistic.hits_at_1	user_attrs_tail.pessimistic.hits_at_10	user_attrs_tail.pessimistic.hits_at_3	user_attrs_tail.pessimistic.hits_at_5	user_attrs_tail.pessimistic.inverse_arithmetic_mean_rank	user_attrs_tail.pessimistic.inverse_geometric_mean_rank	user_attrs_tail.pessimistic.inverse_harmonic_mean_rank	user_attrs_tail.pessimistic.inverse_median_rank	user_attrs_tail.pessimistic.median_absolute_deviation	user_attrs_tail.pessimistic.median_rank	user_attrs_tail.pessimistic.standard_deviation	user_attrs_tail.pessimistic.variance	user_attrs_tail.pessimistic.z_arithmetic_mean_rank	user_attrs_tail.pessimistic.z_geometric_mean_rank	user_attrs_tail.pessimistic.z_hits_at_k	user_attrs_tail.pessimistic.z_inverse_harmonic_mean_rank	user_attrs_tail.realistic.adjusted_arithmetic_mean_rank	user_attrs_tail.realistic.adjusted_arithmetic_mean_rank_index	user_attrs_tail.realistic.adjusted_geometric_mean_rank_index	user_attrs_tail.realistic.adjusted_hits_at_k	user_attrs_tail.realistic.adjusted_inverse_harmonic_mean_rank	user_attrs_tail.realistic.arithmetic_mean_rank	user_attrs_tail.realistic.count	user_attrs_tail.realistic.geometric_mean_rank	user_attrs_tail.realistic.harmonic_mean_rank	user_attrs_tail.realistic.hits_at_1	user_attrs_tail.realistic.hits_at_10	user_attrs_tail.realistic.hits_at_3	user_attrs_tail.realistic.hits_at_5	user_attrs_tail.realistic.inverse_arithmetic_mean_rank	user_attrs_tail.realistic.inverse_geometric_mean_rank	user_attrs_tail.realistic.inverse_harmonic_mean_rank	user_attrs_tail.realistic.inverse_median_rank	user_attrs_tail.realistic.median_absolute_deviation	user_attrs_tail.realistic.median_rank	user_attrs_tail.realistic.standard_deviation	user_attrs_tail.realistic.variance	user_attrs_tail.realistic.z_arithmetic_mean_rank	user_attrs_tail.realistic.z_geometric_mean_rank	user_attrs_tail.realistic.z_hits_at_k	user_attrs_tail.realistic.z_inverse_harmonic_mean_rank	state
0	0.07000400871038437	2025-06-09 03:11:44.702007	2025-06-09 03:16:25.937090	0 days 00:04:41.235083	128	1	0.0004018087877916902	0.00025743750296281355	32	100	0.12382251564933697	0.8768401509413727	0.9323104290812126	0.10313145757361507	0.06702050524357829	163.84190003544842	5642.0	66.9266530241697	14.284895381445114	0.038461538461538464	0.1065225097483162	0.061857497341368306	0.07355547678128323	0.006103444843984613	0.014941730309430877	0.07000401286094937	0.010101010101010102	93.40393976585293	99.0	329.4390296549338	108530.07425998435	114.02167716800025	70.47157917446353	125.74260756369696	202.91192165622132	0.12382264959898155	0.87684001689042	0.9323103312539165	0.10313145757361507	0.06702049377191888	163.84207727756115	5642.0	66.92674830363634	14.284897714846327	0.038461538461538464	0.1065225097483162	0.061857497341368306	0.07355547678128323	0.006103438241361666	0.014941709037814808	0.07000400142597435	0.010101010101010102	93.40393976585293	99.0	329.4390084884757	108530.06031386994	114.02165973641429	70.47157177988353	125.74260756369696	202.91188692451573	0.12382258759903468	0.8768400789372583	0.9323103763246436	0.10313145757361507	0.06702050107969791	163.8419952392578	5642.0	66.92670440673828	14.284896228402136	0.038461538461538464	0.1065225097483162	0.061857497341368306	0.07355547678128323	0.006103441119194031	0.014941718429327011	0.07000400871038437	0.010101010091602802	93.40393976585293	99.0	329.43902587890625	108530.0625	114.02166780480005	70.47157518669442	125.74260756369696	202.91190904961732	0.08166691252119403	0.9190303330437808	0.927333027242156	0.05490204975215488	0.02947062103339013	107.64409783764623	2821.0	71.50164969492552	30.688748428734126	0.005317263381779511	0.05848989719957462	0.01914214817440624	0.029422190712513292	0.009289873017545709	0.013985691298965514	0.0325852324125311	0.01020408163265306	87.47353089183052	98.0	138.2364524769674	19109.31679341687	84.49831554609224	49.5720077754836	47.237395403849526	62.96588147153435	0.08166718145960136	0.9190300639011816	0.9273328174040458	0.05490204975215488	0.02947059808980983	107.64445232187168	2821.0	71.50185328030112	30.688769967651723	0.005317263381779511	0.05848989719957462	0.01914214817440624	0.029422190712513292	0.009289842425040752	0.01398565147786878	0.03258520954258106	0.01020408163265306	87.47353089183052	98.0	138.23649570064362	19109.32874359406	84.49829080034071	49.57199655826591	47.237395403849526	62.96583245109611	0.08166704454050405	0.9190302009242349	0.9273329189494441	0.05490204975215488	0.029470610862283055	107.64427185058594	2821.0	71.50175476074219	30.68875797713715	0.005317263381779511	0.05848989719957462	0.01914214817440624	0.029422190712513292	0.009289857931435108	0.013985671103000641	0.03258522227406502	0.010204081423580647	87.47353089183052	98.0	138.23646545410156	19109.322265625	84.49830339863783	49.572001986530765	47.237395403849526	62.96585974030847	1809518609.0	0.16565361285461275	0.8349749856283372	0.9369621658482334	0.15135938601472748	0.10456953355516035	220.0397022332506	2821.0	62.64438518731813	9.309011329840335	0.07160581354129741	0.15455512229705778	0.10457284650833037	0.11768876285005317	0.004544634399386531	0.015963122584886382	0.10742279330936766	0.01	105.26475751389773	100.0	437.76071749624265	191634.44578282518	76.7830196927759	50.08491051743945	130.7579515118718	224.31708820369292	0.16565361285461275	0.8349749856283372	0.9369621658482334	0.15135938601472748	0.10456953355516035	220.0397022332506	2821.0	62.64438518731813	9.309011329840335	0.07160581354129741	0.15455512229705778	0.10457284650833037	0.11768876285005317	0.004544634399386531	0.015963122584886382	0.10742279330936766	0.01	105.26475751389773	100.0	437.76071749624265	191634.44578282518	76.7830196927759	50.08491051743945	130.7579515118718	224.31708820369292	0.16565361370975062	0.834974984772555	0.936962164719088	0.15135938601472748	0.10456952418677344	220.03970336914062	2821.0	62.644386291503906	9.30901213909628	0.07160581354129741	0.15455512229705778	0.10457284650833037	0.11768876285005317	0.004544634371995926	0.015963122248649597	0.10742278397083281	0.009999999776482582	105.26475751389773	100.0	437.7607116699219	191634.4375	76.78301961407948	50.084910457081456	130.7579515118718	224.31706810711984	COMPLETE
1	0.0703480914235115	2025-06-09 03:16:25.938088	2025-06-09 03:19:28.027390	0 days 00:03:02.089302	192	10	0.0005744109319634727	0.00014932218777118236	32	50	0.20957747995711468	0.791020328826987	0.9221033287848167	0.10366520199481705	0.06736568935674023	277.31283232896135	5642.0	76.86791798551437	14.215026384348933	0.037575327897908545	0.10705423608649416	0.0662885501595179	0.0794044665012407	0.0036060357957534168	0.013009328549635601	0.0703480931348128	0.009708737864077669	97.85174642136973	103.0	606.3149573588008	367617.8275170045	102.86192354445073	69.70004379929023	126.39337326480816	203.95700437340358	0.20957774785640382	0.7910200607250815	0.9221033117220168	0.10366520199481705	0.06736568921112757	277.3131868131868	5642.0	76.86793460392809	14.215026413678352	0.037575327897908545	0.10705423608649416	0.0662885501595179	0.0794044665012407	0.0036060311862257536	0.013009325737092176	0.07034809298966578	0.009708737864077669	97.85174642136973	103.0	606.3158613419246	367618.9237147999	102.86188868127883	69.7000425095455	126.39337326480816	203.9570039325453	0.20957762088057805	0.7910201877969412	0.9221033189632676	0.10366520199481705	0.06736568763994892	277.3130187988281	5642.0	76.86792755126953	14.215026730146418	0.037575327897908545	0.10705423608649416	0.0662885501595179	0.0794044665012407	0.0036060332786291838	0.013009326532483101	0.0703480914235115	0.009708737954497337	97.85174642136973	103.0	606.3154296875	367618.40625	102.86190520532432	69.70004305689793	126.39337326480816	203.95699917562985	0.25748593418512405	0.7430778205639749	0.8991437655136113	0.0556137198954138	0.02945522617890293	339.3888691953208	2821.0	98.8509306697533	30.703207571311054	0.007444168734491315	0.059198865650478556	0.020914569301666075	0.02977667493796526	0.0029464725887179658	0.010116242641567592	0.03256988696302844	0.00909090909090909	96.36914420286412	110.0	724.4859905600119	524879.9505177217	68.3207309919401	48.065107599881784	47.84971214076546	62.93298937259234	0.2574862031235314	0.7430775514213757	0.8991437504803881	0.0556137198954138	0.02945522611729082	339.38922367954626	2821.0	98.85094525501812	30.703207629205597	0.007444168734491315	0.059198865650478556	0.020914569301666075	0.02977667493796526	0.0029464695111952265	0.010116241148935655	0.032569886901614054	0.00909090909090909	96.36914420286412	110.0	724.4870000202201	524881.4131982983	68.32070624618856	48.06510679625781	47.84971214076546	62.93298924095409	0.2574860623182544	0.7430776923335594	0.8991437512389673	0.0556137198954138	0.02945522820156213	339.3890380859375	2821.0	98.85094451904297	30.703205670695798	0.007444168734491315	0.059198865650478556	0.020914569301666075	0.02977667493796526	0.002946471096947789	0.010116240940988064	0.03256988897919655	0.00909090880304575	96.36914420286412	110.0	724.4864501953125	524880.625	68.3207192020636	48.065106836808816	47.84971214076546	62.932993694134105	112308590.0	0.16203781602028305	0.8385935066123004	0.9398978355489327	0.1517152101715347	0.1052752884170636	215.23679546260192	2821.0	59.77360835547215	9.24844377744265	0.06770648706132577	0.15490960652250974	0.11166253101736973	0.12903225806451613	0.004646045755562985	0.016729791416523244	0.10812629930659715	0.010752688172043012	102.29955307688654	93.0	450.1653427466625	202648.8358102201	77.11577333540303	50.24183548157092	131.06534465786424	225.83103658067623	0.16203808288845298	0.8385932395430713	0.9398978181381085	0.1517152101715347	0.10527528818745231	215.23714994682737	2821.0	59.773625381430726	9.248443797019576	0.06770648706132577	0.15490960652250974	0.11166253101736973	0.12903225806451613	0.00464603810377085	0.016729786651198505	0.10812629907771751	0.010752688172043012	102.29955307688654	93.0	450.16615324259345	202649.56552523415	77.11574877612614	50.24183455088278	131.06534465786424	225.83103608812613	0.16203794666091761	0.8385933758732408	0.9398978347248107	0.1517152101715347	0.10527528669810582	215.23696899414062	2821.0	59.77360916137695	9.248443924002991	0.06770648706132577	0.15490960652250974	0.11166253101736973	0.12903225806451613	0.00464604189619422	0.016729790717363358	0.10812629759311676	0.01075268816202879	102.29955307688654	93.0	450.1657409667969	202649.1875	77.11576131283954	50.24183543751783	131.06534465786424	225.831032893258	COMPLETE
2	0.022897595539689064	2025-06-09 03:19:28.029395	2025-06-09 03:21:26.377761	0 days 00:01:58.348366	128	4	0.0009502380948389473	0.0005207007018006483	256	150	0.5423481801333389	0.45799794902042257	0.7676197153260076	0.037836723379906824	0.019762965632586206	717.6348812477845	5642.0	227.3281357735414	43.67270939963893	0.00478553704360156	0.041474654377880185	0.014179369018078695	0.02197802197802198	0.0013934662683358623	0.004398927552884061	0.022897594716398968	0.005154639175257732	243.14676383491872	194.0	939.2923918685167	882270.1974220792	59.55668684964738	58.022920110189716	46.132270127761466	59.83454346635453	0.5423481801333389	0.45799794902042257	0.7676197153260076	0.037836723379906824	0.019762965632586206	717.6348812477845	5642.0	227.3281357735414	43.67270939963893	0.00478553704360156	0.041474654377880185	0.014179369018078695	0.02197802197802198	0.0013934662683358623	0.004398927552884061	0.022897594716398968	0.005154639175257732	243.14676383491872	194.0	939.2923918685167	882270.1974220792	59.55668684964738	58.022920110189716	46.132270127761466	59.83454346635453	0.5423481850060188	0.45799794414405737	0.7676197263876399	0.037836723379906824	0.019762966458517488	717.6348876953125	5642.0	227.328125	43.67270782937322	0.00478553704360156	0.041474654377880185	0.014179369018078695	0.02197802197802198	0.0013934662565588951	0.004398927558213472	0.022897595539689064	0.005154639016836882	243.14676383491872	194.0	939.2923583984375	882270.1875	59.556686215539386	58.02292094631754	46.132270127761466	59.834545966951964	0.5020566392353973	0.4983214248947484	0.7741262763497657	0.02501190373528026	0.01582544374227262	661.7543424317618	2821.0	220.14316140764637	52.676367548326944	0.0038993264799716413	0.02871322226160936	0.00957107408720312	0.014533853243530664	0.0015111347759733322	0.004542498588671882	0.01898384506263779	0.005714285714285714	207.56431059078426	175.0	910.2267339024421	828512.7071107072	45.81711777094179	41.38210617230159	21.520092453380236	33.81208064062793	0.5020566392353973	0.4983214248947484	0.7741262763497657	0.02501190373528026	0.01582544374227262	661.7543424317618	2821.0	220.14316140764637	52.676367548326944	0.0038993264799716413	0.02871322226160936	0.00957107408720312	0.014533853243530664	0.0015111347759733322	0.004542498588671882	0.01898384506263779	0.005714285714285714	207.56431059078426	175.0	910.2267339024421	828512.7071107072	45.81711777094179	41.38210617230159	21.520092453380236	33.81208064062793	0.5020566324561272	0.49832143167916576	0.7741262956317803	0.02501190373528026	0.015825445214678317	661.7543334960938	2821.0	220.1431427001953	52.67636347580793	0.0038993264799716413	0.02871322226160936	0.00957107408720312	0.014533853243530664	0.0015111347893252969	0.004542498849332333	0.01898384653031826	0.0057142856530845165	207.56431059078426	175.0	910.2267456054688	828512.75	45.8171183947208	41.38210720305122	21.520092453380236	33.81208378651761	437434680.0	0.5823295643096914	0.4179851095551361	0.7609686086046797	0.05066114963827792	0.02370039777243669	773.5154200638071	2821.0	234.74761143535892	37.29764483995648	0.005671747607231478	0.05423608649415101	0.018787663948954272	0.029422190712513292	0.0012927990497170827	0.00425989424934091	0.02681134437016015	0.004761904761904762	278.72921707905317	210.0	964.252258745974	929782.4184967128	38.43726991905936	40.6772504352318	43.76569119600596	50.840852367175266	0.5823295643096914	0.4179851095551361	0.7609686086046797	0.05066114963827792	0.02370039777243669	773.5154200638071	2821.0	234.74761143535892	37.29764483995648	0.005671747607231478	0.05423608649415101	0.018787663948954272	0.029422190712513292	0.0012927990497170827	0.00425989424934091	0.02681134437016015	0.004761904761904762	278.72921707905317	210.0	964.252258745974	929782.4184967128	38.43726991905936	40.6772504352318	43.76569119600596	50.840852367175266	0.5823295807446269	0.4179850931078185	0.7609686470370456	0.05066114963827792	0.023700397951908293	773.5154418945312	2821.0	234.74757385253906	37.297644591086524	0.005671747607231478	0.05423608649415101	0.018787663948954272	0.029422190712513292	0.001292799017392099	0.004259895067662001	0.02681134454905987	0.004761904943734407	278.72921707905317	210.0	964.2523193359375	929782.5	38.43726840658925	40.67725248961743	43.76569119600596	50.84085275216835	COMPLETE
3	0.0073355939239263535	2025-06-09 03:21:26.378763	2025-06-09 03:25:42.759757	0 days 00:04:16.380994	128	10	0.0004761163703052367	0.0005706517613760044	16	50	1.0197706996404254	-0.0197856525265252	0.24340614384415604	0.010082013477404138	0.004151040482554548	1349.3601559730591	5642.0	737.8890060604684	136.321615619395	0.0008862105636299185	0.013824884792626729	0.0026586316908897554	0.005848989719957462	0.0007410919876160665	0.0013552173725136815	0.007335593812150552	0.0006775067750677507	1464.8109918835348	1476.0	984.7331207310458	969699.3190647044	-2.5728672238784327	18.398609306954455	12.292453669979622	12.56772980338906	1.0197706996404254	-0.0197856525265252	0.24340614384415604	0.010082013477404138	0.004151040482554548	1349.3601559730591	5642.0	737.8890060604684	136.321615619395	0.0008862105636299185	0.013824884792626729	0.0026586316908897554	0.005848989719957462	0.0007410919876160665	0.0013552173725136815	0.007335593812150552	0.0006775067750677507	1464.8109918835348	1476.0	984.7331207310458	969699.3190647044	-2.5728672238784327	18.398609306954455	12.292453669979622	12.56772980338906	1.0197706629481644	-0.01978561580651328	0.2434063616313974	0.010082013477404138	0.004151040594688936	1349.360107421875	5642.0	737.8887939453125	136.32161354220017	0.0008862105636299185	0.013824884792626729	0.0026586316908897554	0.005848989719957462	0.0007410920225083828	0.001355217769742012	0.0073355939239263535	0.0006775067886337638	1464.8109918835348	1476.0	984.7330932617188	969699.3125	-2.572862448917647	18.39862576907945	12.292453669979622	12.567730142888205	1.018453074349233	-0.018467084869408623	0.260947366292941	0.01006683072684295	0.004180414239618992	1342.4097837646225	2821.0	718.0304185005815	135.5714066582208	0.0007089684509039348	0.013824884792626729	0.002835873803615739	0.005317263381779511	0.0007449290165299776	0.0013926986576533041	0.007376186650633693	0.0006666666666666666	1458.8805830095123	1500.0	994.138425418713	988311.2088939981	-1.6979173683459123	13.94934127315161	8.661440978145592	8.931724486414193	1.018453074349233	-0.018467084869408623	0.260947366292941	0.01006683072684295	0.004180414239618992	1342.4097837646225	2821.0	718.0304185005815	135.5714066582208	0.0007089684509039348	0.013824884792626729	0.002835873803615739	0.005317263381779511	0.0007449290165299776	0.0013926986576533041	0.007376186650633693	0.0006666666666666666	1458.8805830095123	1500.0	994.138425418713	988311.2088939981	-1.6979173683459123	13.94934127315161	8.661440978145592	8.931724486414193	1.0184530791094952	-0.01846708963328525	0.2609473899918888	0.01006683072684295	0.004180414605484262	1342.4097900390625	2821.0	718.0303955078125	135.57139995534158	0.0007089684509039348	0.013824884792626729	0.002835873803615739	0.005317263381779511	0.0007449290133081377	0.0013926987303420901	0.007376187015324832	0.0006666666595265269	1458.8805830095123	1500.0	994.138427734375	988311.1875	-1.6979178063505458	13.94934254001518	8.661440978145592	8.931725268108927	1687053525.0	1.021078182099364	-0.021094062450133233	0.22558475690001523	0.010097195762252315	0.0041216673950249996	1356.310528181496	2821.0	758.296823137257	137.0801736161072	0.0010634526763559022	0.013824884792626729	0.0024813895781637717	0.006380716058135413	0.0007372942841789871	0.0013187448100636353	0.007295000973667413	0.0006849315068493151	1454.4327763539955	1460.0	975.1875788215001	950990.8138877394	-1.9397776465008718	12.058536379862396	8.722872552865667	8.841585088532533	1.021078182099364	-0.021094062450133233	0.22558475690001523	0.010097195762252315	0.0041216673950249996	1356.310528181496	2821.0	758.296823137257	137.0801736161072	0.0010634526763559022	0.013824884792626729	0.0024813895781637717	0.006380716058135413	0.0007372942841789871	0.0013187448100636353	0.007295000973667413	0.0006849315068493151	1454.4327763539955	1460.0	975.1875788215001	950990.8138877394	-1.9397776465008718	12.058536379862396	8.722872552865667	8.841585088532533	1.02107819617249	-0.021094076533862083	0.22558470386493368	0.010097195762252315	0.004121667253434288	1356.310546875	2821.0	758.296875	137.08017626825662	0.0010634526763559022	0.013824884792626729	0.0024813895781637717	0.006380716058135413	0.0007372942636720836	0.0013187447329983115	0.007295000832527876	0.000684931525029242	1454.4327763539955	1460.0	975.1875610351562	950990.8125	-1.9397789416189823	12.058533544894871	8.722872552865667	8.841584784799554	COMPLETE
4	0.0040919603779911995	2025-06-09 03:25:42.761756	2025-06-09 03:30:19.739555	0 days 00:04:36.977799	256	4	0.0005570217817516205	0.0006992943962159824	2048	150	0.9860372229988325	0.013973337265494545	0.03449846837153092	0.0027875063876438154	0.0008970017827553524	1304.7240340304857	5642.0	941.3558569804376	244.38160774330808	0.0005317263381779511	0.006557958170861397	0.0015951790145338532	0.003544842254519674	0.0007664456037579472	0.001062297528171412	0.004091960967252385	0.0007880220646178094	977.7761631044444	1269.0	772.3689225037868	596553.7524496607	1.8170510884284852	2.6076738706419462	3.3986557547933653	2.71577116296635	0.9860373569484769	0.013973203214541874	0.03449838750793688	0.0027875063876438154	0.0008970017431365789	1304.7242112725983	5642.0	941.3559357380074	244.38161010186872	0.0005317263381779511	0.006557958170861397	0.0015951790145338532	0.003544842254519674	0.0007664454996390561	0.001062297439295389	0.004091960927760306	0.0007880220646178094	977.7761631044444	1269.0	772.3691092478855	596554.0409203721	1.8170336568425398	2.6076677583160546	3.3986557547933653	2.715771043016172	0.986037288796363	0.013973271418200373	0.03449767630530154	0.0027875063876438154	0.0008970011916037655	1304.72412109375	5642.0	941.3566284179688	244.38164293538784	0.0005317263381779511	0.006557958170861397	0.0015951790145338532	0.003544842254519674	0.0007664455333724618	0.001062296680174768	0.0040919603779911995	0.0007880220655351877	977.7761631044444	1269.0	772.3690185546875	596553.875	1.8170425258428224	2.607613999856156	3.3986557547933653	2.7157693731901595	0.9851014845803492	0.01490982713643707	0.03646535687079344	0.0022384591509948338	0.0008448086819823554	1298.4494859978731	2821.0	935.8233358391515	246.8352220207931	0.0007089684509039348	0.006026231832683446	0.0014179369018078695	0.003544842254519674	0.0007701493287060672	0.0010685777557612425	0.004051285678815162	0.0007898894154818325	980.0000664322029	1266.0	770.9623646847372	594382.9677602818	1.3708527703756772	1.9493115215691788	1.9259568720703006	1.8049882042036147	0.9851014845803492	0.01490982713643707	0.03646535687079344	0.0022384591509948338	0.0008448086819823554	1298.4494859978731	2821.0	935.8233358391515	246.8352220207931	0.0007089684509039348	0.006026231832683446	0.0014179369018078695	0.003544842254519674	0.0007701493287060672	0.0010685777557612425	0.004051285678815162	0.0007898894154818325	980.0000664322029	1266.0	770.9623646847372	594382.9677602818	1.3708527703756772	1.9493115215691788	1.9259568720703006	1.8049882042036147	0.985101467049452	0.014909844680644602	0.03646469848196665	0.0022384591509948338	0.0008448087994114887	1298.449462890625	2821.0	935.823974609375	246.83521488907562	0.0007089684509039348	0.006026231832683446	0.0014179369018078695	0.003544842254519674	0.0007701493450440466	0.0010685770539566875	0.004051285795867443	0.0007898894255049527	980.0000664322029	1266.0	770.96240234375	594383.0	1.3708543834410278	1.949276326385693	1.9259568720703006	1.8049884550985285	701368233.0	0.9869657582785508	0.013044061749076463	0.032696711008507795	0.003336536782914712	0.000949193693857511	1310.9985820630982	2821.0	946.9210859940412	241.9762926444953	0.0003544842254519674	0.007089684509039348	0.001772421127259837	0.003544842254519674	0.0007627773314798827	0.0010560542106317536	0.004132636255689609	0.0007836990595611285	971.1044531211693	1276.0	773.7220413255735	598645.7972330125	1.1995119223834223	1.7477886565389227	2.882402779008949	2.036160613025104	0.9869660251467207	0.013043794679847398	0.032696548980521656	0.003336536782914712	0.0009491936146208669	1310.9989365473236	2821.0	946.9212444404047	241.97629726921744	0.0003544842254519674	0.007089684509039348	0.001772421127259837	0.003544842254519674	0.0007627771252306447	0.0010560540339243976	0.004132636176705449	0.0007836990595611285	971.1044531211693	1276.0	773.7224112858023	598646.3697259162	1.1994873631065275	1.7477799954024533	2.882402779008949	2.036160443050803	0.9869659067630624	0.013043913152696374	0.0326967779750289	0.003336536782914712	0.0009491937955908906	1310.998779296875	2821.0	946.9210205078125	241.97628670673006	0.0003544842254519674	0.007089684509039348	0.001772421127259837	0.003544842254519674	0.0007627772283740342	0.001056054257787764	0.004132636357098818	0.0007836990407668054	971.1044531211693	1276.0	773.7222290039062	598646.125	1.1994982576880915	1.7477922362055764	2.882402779008949	2.036160831258223	COMPLETE
5	0.0026586316908897554	2025-06-09 03:30:19.740556	2025-06-09 03:30:26.358141	0 days 00:00:06.617585	256	7	0.0008611479359948689	0.00011987678597001478	2048	100																																																																																																																																																																																																																																			PRUNED
6	0.0021269053527118043	2025-06-09 03:30:26.359140	2025-06-09 03:30:29.502817	0 days 00:00:03.143677	128	10	0.0006810886764910838	0.0006781548893896478	4096	50																																																																																																																																																																																																																																			PRUNED
7	0.0021269053527118043	2025-06-09 03:30:29.503816	2025-06-09 03:30:32.063761	0 days 00:00:02.559945	128	4	0.0002278893360658574	0.0008817740273500697	1024	100																																																																																																																																																																																																																																			PRUNED
8	0.0026586316908897554	2025-06-09 03:30:32.064758	2025-06-09 03:30:43.065449	0 days 00:00:11.000691	256	4	0.00019834412992446315	0.00019055905067240762	4096	50																																																																																																																																																																																																																																			PRUNED
9	0.003013115916341723	2025-06-09 03:30:43.066448	2025-06-09 03:30:51.955531	0 days 00:00:08.889083	256	1	0.00021306327133537104	0.00017232637528050948	128	50																																																																																																																																																																																																																																			PRUNED
10	0.0026586316908897554	2025-06-09 03:30:51.958531	2025-06-09 03:30:57.075187	0 days 00:00:05.116656	192	7	0.00033824232894316816	0.00010888548574580744	512	50																																																																																																																																																																																																																																			PRUNED
11	0.003013115916341723	2025-06-09 03:30:57.076186	2025-06-09 03:31:14.187347	0 days 00:00:17.111161	192	1	0.00010300160361522193	0.0003062841969103559	32	100																																																																																																																																																																																																																																			PRUNED
12	0.006380716058135413	2025-06-09 03:31:14.188347	2025-06-09 03:35:23.644451	0 days 00:04:09.456104	192	10	0.0004039733245468157	0.00028659425817492457	32	100																																																																																																																																																																																																																																			PRUNED
13	0.0031903580290677065	2025-06-09 03:35:23.645450	2025-06-09 03:35:41.661450	0 days 00:00:18.016000	192	7	0.000282272710393991	0.00020119369346358824	32	150																																																																																																																																																																																																																																			PRUNED
14	0.07135143876075745	2025-06-09 03:35:41.662450	2025-06-09 03:38:37.437913	0 days 00:02:55.775463	128	1	0.0005482015178197895	0.00037909428947304803	64	100	0.1253503452953938	0.8753111657741106	0.9327745486876958	0.10704558332909622	0.0683722522376503	165.86352357320098	5642.0	66.4746210221492	14.015134652176465	0.03970223325062035	0.11042183622828784	0.06398440269408011	0.07532789790854306	0.006029053154406595	0.01504333510478837	0.07135143720111929	0.01020408163265306	93.40393976585293	98.0	341.5540813983606	116659.19051987794	113.82285249859038	70.50666109629393	130.5148893718457	207.00448376334526	0.1253503452953938	0.8753111657741106	0.9327745486876958	0.10704558332909622	0.0683722522376503	165.86352357320098	5642.0	66.4746210221492	14.015134652176465	0.03970223325062035	0.11042183622828784	0.06398440269408011	0.07532789790854306	0.006029053154406595	0.01504333510478837	0.07135143720111929	0.01020408163265306	93.40393976585293	98.0	341.5540813983606	116659.19051987794	113.82285249859038	70.50666109629393	130.5148893718457	207.00448376334526	0.12535034666890088	0.8753111643995648	0.9327745449794785	0.10704558332909622	0.0683722538022919	165.863525390625	5642.0	66.47462463378906	14.015134345826109	0.03970223325062035	0.11042183622828784	0.06398440269408011	0.07532789790854306	0.006029053125530481	0.015043334104120731	0.07135143876075745	0.010204081423580647	93.40393976585293	98.0	341.5540771484375	116659.1953125	113.82285231984854	70.50666081599681	130.5148893718457	207.00448850046914	0.07696129720827141	0.9237395211011162	0.9273901863358422	0.06166291611311463	0.02918546792633765	101.44168734491315	2821.0	71.44619382209905	30.95879919788763	0.0038993264799716413	0.065225097483162	0.018787663948954272	0.029422190712513292	0.009857880188840783	0.013996546862804183	0.0323009944154498	0.010101010101010102	83.0257242363137	99.0	64.04204147324674	4101.383076061056	84.93129196061028	49.57506330241234	53.054404404550915	62.356633477759	0.07696129720827141	0.9237395211011162	0.9273901863358422	0.06166291611311463	0.02918546792633765	101.44168734491315	2821.0	71.44619382209905	30.95879919788763	0.0038993264799716413	0.065225097483162	0.018787663948954272	0.029422190712513292	0.009857880188840783	0.013996546862804183	0.0323009944154498	0.010101010101010102	83.0257242363137	99.0	64.04204147324674	4101.383076061056	84.93129196061028	49.57506330241234	53.054404404550915	62.356633477759	0.07696129811313163	0.9237395201955689	0.927390182534916	0.06166291611311463	0.029185471046354137	101.44168853759766	2821.0	71.44619750976562	30.958796217113363	0.0038993264799716413	0.065225097483162	0.018787663948954272	0.029422190712513292	0.00985787995159626	0.013996546156704426	0.03230099752545357	0.010101010091602802	83.0257242363137	99.0	64.04204559326172	4101.38330078125	84.93129187735165	49.575063099228004	53.054404404550915	62.35664014387533	150708531.0	0.1733669035699889	0.8272558837020336	0.9377755361781688	0.1524268584851492	0.10755814333944248	230.28535980148882	2821.0	61.84899437808203	9.057816770146164	0.07550514002126905	0.1556185749734137	0.10918114143920596	0.12123360510457284	0.004342438446204407	0.016168411629896746	0.11040187998678883	0.010309278350515464	105.26475751389773	97.0	470.01771455727726	220916.65199764617	76.07318291272925	50.12838887940241	131.6801309498492	230.7280974316685	0.1733669035699889	0.8272558837020336	0.9377755361781688	0.1524268584851492	0.10755814333944248	230.28535980148882	2821.0	61.84899437808203	9.057816770146164	0.07550514002126905	0.1556185749734137	0.10918114143920596	0.12123360510457284	0.004342438446204407	0.016168411629896746	0.11040187998678883	0.010309278350515464	105.26475751389773	97.0	470.01771455727726	220916.65199764617	76.07318291272925	50.12838887940241	131.6801309498492	230.7280974316685	0.17336689966485927	0.8272558876101054	0.9377755353287338	0.1524268584851492	0.1075581545603409	230.2853546142578	2821.0	61.848995208740234	9.057815852471853	0.07550514002126905	0.1556185749734137	0.10918114143920596	0.12123360510457284	0.004342438653111458	0.016168411821126938	0.11040189117193222	0.010309278033673763	105.26475751389773	97.0	470.0177307128906	220916.65625	76.07318327210955	50.128388833996226	131.6801309498492	230.72812150215228	COMPLETE
15	0.023218716767103863	2025-06-09 03:38:37.438911	2025-06-09 03:40:22.773651	0 days 00:01:45.334740	192	7	0.0006585045657776882	0.00043363870985162065	64	50																																																																																																																																																																																																																																			PRUNED
16	0.02250974831619993	2025-06-09 03:40:22.778651	2025-06-09 03:41:47.183985	0 days 00:01:24.405334	128	10	0.0006765605882340879	0.00036818888328756183	64	150																																																																																																																																																																																																																																			PRUNED
17	0.00336760014179369	2025-06-09 03:41:47.184985	2025-06-09 03:41:58.180180	0 days 00:00:10.995195	192	1	0.0005115318989556607	0.00015300822667204487	64	100																																																																																																																																																																																																																																			PRUNED
18	0.0024813895781637717	2025-06-09 03:41:58.181182	2025-06-09 03:42:11.325776	0 days 00:00:13.144594	192	7	0.00010004414067420324	0.00024386244598069708	256	50																																																																																																																																																																																																																																			PRUNED
19	0.0021269053527118043	2025-06-09 03:42:11.326777	2025-06-09 03:42:14.454818	0 days 00:00:03.128041	128	4	0.0001589412868697437	0.0001368719110780031	512	100																																																																																																																																																																																																																																			PRUNED
20	0.006380716058135413	2025-06-09 03:42:14.455820	2025-06-09 03:42:46.151685	0 days 00:00:31.695865	256	10	0.0008249633596354251	0.00038528930466171527	128	150																																																																																																																																																																																																																																			PRUNED
21	0.00336760014179369	2025-06-09 03:42:46.152683	2025-06-09 03:43:03.232778	0 days 00:00:17.080095	128	1	0.0003861686260516034	0.00023768535874129956	32	100																																																																																																																																																																																																																																			PRUNED
22	0.07003755122423172	2025-06-09 03:43:03.233777	2025-06-09 03:47:42.465515	0 days 00:04:39.231738	128	1	0.0004306449141963124	0.00024329262122579258	32	100	0.12332623221617543	0.877336809721375	0.9322774509853036	0.10188605392414381	0.06705415750657906	163.18521800779865	5642.0	66.95877223333123	14.278053598026816	0.03810705423608649	0.10528181495923432	0.06221198156682028	0.07355547678128323	0.006128006030253364	0.014934562965331862	0.07003755750981332	0.010101010101010102	93.40393976585293	99.0	326.20298597996344	106408.38806224422	114.08626119396584	70.46908642266715	124.22415426110419	203.0138075690289	0.12332636616582002	0.8773366756704222	0.9322773726231283	0.10188605392414381	0.06705415015295124	163.18539524991138	5642.0	66.95884855462967	14.278055092364273	0.03810705423608649	0.10528181495923432	0.06221198156682028	0.07355547678128323	0.0061279993743836155	0.014934545942559491	0.07003755017970113	0.010101010101010102	93.40393976585293	99.0	326.20298180415864	106408.38533792425	114.0862437623799	70.46908049941877	124.22415426110419	203.01378530511508	0.12332629624776822	0.8773367456413541	0.9322774055058402	0.10188605392414381	0.06705415120083277	163.185302734375	5642.0	66.95881652832031	14.278054879423285	0.03810705423608649	0.10528181495923432	0.06221198156682028	0.07355547678128323	0.006128002889454365	0.01493455283343792	0.07003755122423172	0.010101010091602802	93.40393976585293	99.0	326.2029724121094	106408.3828125	114.08625286119111	70.46908298496066	124.22415426110419	203.0137884776912	0.0828698740171478	0.9178264581977809	0.9272547317997563	0.0538345445372665	0.029759327501958883	109.22970577809288	2821.0	71.57761209769647	30.420090158268223	0.005317263381779511	0.05742644452321872	0.020205600850762142	0.029422190712513292	0.009155018709210512	0.013970848854738229	0.032873012367723	0.010309278350515464	85.99092867332492	97.0	150.7949879030955	22739.128376694716	84.38762779949916	49.56782237265052	46.31892029847562	63.582721451233745	0.08287014295555512	0.9178261890551817	0.9272545636162095	0.0538345445372665	0.02975931279453561	109.23006026231833	2821.0	71.57777526972697	30.42010372458035	0.005317263381779511	0.05742644452321872	0.020205600850762142	0.029422190712513292	0.009154988998435766	0.013970817006140437	0.032872997707498616	0.010309278350515464	87.47353089183052	97.0	150.79509667342595	22739.16118074788	84.38760305374763	49.567813382141345	46.31892029847562	63.582690027875906	0.08287000717112379	0.9178263249427074	0.927254651376497	0.0538345445372665	0.029759319784380216	109.2298812866211	2821.0	71.57769012451172	30.420097277058296	0.005317263381779511	0.05742644452321872	0.020205600850762142	0.029422190712513292	0.009155004285275936	0.013970833271741867	0.0328730046749115	0.010309278033673763	86.73222978257772	97.0	150.79502868652344	22739.142578125	84.38761554764105	49.56781807350197	46.31892029847562	63.582704962129476	941045729.0	0.1634711649609565	0.8371590777832454	0.9369687137656111	0.14993608938749853	0.1043481374262073	217.14073023750444	2821.0	62.637982011409086	9.328175243419468	0.07089684509039348	0.15313718539524993	0.10421836228287841	0.11768876285005317	0.004605308266699752	0.015964754417181842	0.10720210265190364	0.01	105.26475751389773	100.0	429.2496396595504	184255.25314785386	76.98386545920918	50.085260533553104	129.52837892790197	223.84216081999065	0.1634711649609565	0.8371590777832454	0.9369687137656111	0.14993608938749853	0.1043481374262073	217.14073023750444	2821.0	62.637982011409086	9.328175243419468	0.07089684509039348	0.15313718539524993	0.10421836228287841	0.11768876285005317	0.004605308266699752	0.015964754417181842	0.10720210265190364	0.01	105.26475751389773	100.0	429.2496396595504	184255.25314785386	76.98386545920918	50.085260533553104	129.52837892790197	223.84216081999065	0.1634711661459333	0.8371590765973758	0.9369687338803471	0.14993608938749853	0.1043481325322612	217.14073181152344	2821.0	62.637962341308594	9.328175667908544	0.07089684509039348	0.15313718539524993	0.10421836228287841	0.11768876285005317	0.004605308175086975	0.01596475951373577	0.10720209777355194	0.009999999776482582	105.26475751389773	100.0	429.2496643066406	184255.265625	76.98386535015845	50.08526160877768	129.52837892790197	223.84215032175373	COMPLETE
23	0.0021269053527118043	2025-06-09 03:47:42.466512	2025-06-09 03:47:45.072023	0 days 00:00:02.605511	128	1	0.0005334734424029692	0.0002011791318279143	1024	100																																																																																																																																																																																																																																			PRUNED
24	0.07073646783828735	2025-06-09 03:47:45.073024	2025-06-09 03:52:05.418375	0 days 00:04:20.345351	128	1	0.0004506447087815992	0.0003658455297213882	16	50	0.12216917518631057	0.8784947418513775	0.9324550025988343	0.1011743946958745	0.06775530591670799	161.65420063807161	5642.0	66.78584480211492	14.136980373761666	0.03917050691244239	0.10457284650833037	0.06309819213045019	0.07444168734491315	0.0061860440127931154	0.014973232770551594	0.07073646376817548	0.01020408163265306	93.40393976585293	98.0	323.8691246721256	104891.20991588886	114.23683523345053	70.48250721278188	123.35646665962261	205.13661119082192	0.12216917518631057	0.8784947418513775	0.9324550025988343	0.1011743946958745	0.06775530591670799	161.65420063807161	5642.0	66.78584480211492	14.136980373761666	0.03917050691244239	0.10457284650833037	0.06309819213045019	0.07444168734491315	0.0061860440127931154	0.014973232770551594	0.07073646376817548	0.01020408163265306	93.40393976585293	98.0	323.8691246721256	104891.20991588886	114.23683523345053	70.48250721278188	123.35646665962261	205.13661119082192	0.12216917872636159	0.8784947383086492	0.9324550202232433	0.1011743946958745	0.06775530999987714	161.65420532226562	5642.0	66.78582763671875	14.136979560332703	0.03917050691244239	0.10457284650833037	0.06309819213045019	0.07444168734491315	0.006186043843626976	0.014973236247897148	0.07073646783828735	0.010204081423580647	93.40393976585293	98.0	323.869140625	104891.2109375	114.23683477276471	70.48250854497758	123.35646665962261	205.1366235530638	0.08019877775562025	0.920499582492543	0.9257500215492759	0.04742951324793622	0.028541696026495287	105.70896845090394	2821.0	73.0374851451846	31.58630681090851	0.005671747607231478	0.051045728465083304	0.017015242821694435	0.02481389578163772	0.009459935279421874	0.01369159956715638	0.031659288500757686	0.01	87.47353089183052	100.0	104.90142916843583	11004.30984158036	84.63340260369378	49.48738578078395	40.8080696662322	60.98117331713831	0.08019877775562025	0.920499582492543	0.9257500215492759	0.04742951324793622	0.028541696026495287	105.70896845090394	2821.0	73.0374851451846	31.58630681090851	0.005671747607231478	0.051045728465083304	0.017015242821694435	0.02481389578163772	0.009459935279421874	0.01369159956715638	0.031659288500757686	0.01	87.47353089183052	100.0	104.90142916843583	11004.30984158036	84.63340260369378	49.48738578078395	40.8080696662322	60.98117331713831	0.0801987782603722	0.9204995819874079	0.9257500235384002	0.04742951324793622	0.028541693988418142	105.70896911621094	2821.0	73.03748321533203	31.58630883776207	0.005671747607231478	0.051045728465083304	0.017015242821694435	0.02481389578163772	0.009459935128688812	0.013691599480807781	0.031659286469221115	0.009999999776482582	87.47353089183052	100.0	104.90142822265625	11004.3095703125	84.63340255725018	49.487385887115636	40.8080696662322	60.98116896265511	557127749.0	0.163816492372841	0.8368134902008962	0.9385728416227777	0.1549176275827999	0.10696802198594753	217.5994328252393	2821.0	61.069313340483355	9.106336961257389	0.07266926621765331	0.15809996455157746	0.10918114143920596	0.12406947890818859	0.004595600213733693	0.016374836154201388	0.10981363903559324	0.010526315789473684	103.78215529539213	95.0	438.76915568581745	192518.37198124512	76.95208575490928	50.171008499813816	133.8318829717964	229.46220000244278	0.163816492372841	0.8368134902008962	0.9385728416227777	0.1549176275827999	0.10696802198594753	217.5994328252393	2821.0	61.069313340483355	9.106336961257389	0.07266926621765331	0.15809996455157746	0.10918114143920596	0.12406947890818859	0.004595600213733693	0.016374836154201388	0.10981363903559324	0.010526315789473684	103.78215529539213	95.0	438.76915568581745	192518.37198124512	76.95208575490928	50.171008499813816	133.8318829717964	229.46220000244278	0.16381648743747382	0.8368134951399817	0.9385728419205264	0.1549176275827999	0.1069680209786272	217.59942626953125	2821.0	61.069313049316406	9.106337044523631	0.07266926621765331	0.15809996455157746	0.10918114143920596	0.12406947890818859	0.004595600534230471	0.01637483574450016	0.10981363803148271	0.010526316240429878	103.78215529539213	95.0	438.7691650390625	192518.390625	76.9520862091	50.171008515729845	133.8318829717964	229.46219784159197	COMPLETE
25	0.004076568592697625	2025-06-09 03:52:05.419375	2025-06-09 03:56:35.847275	0 days 00:04:30.427900	128	4	0.00031128221511339543	0.00046579185364426076	16	50																																																																																																																																																																																																																																			PRUNED
26	0.07049308717250824	2025-06-09 03:56:35.848277	2025-06-09 04:01:36.684099	0 days 00:05:00.835822	192	1	0.0006003728507424703	0.00037634426021521583	16	50	0.12183148813232939	0.8788326843033036	0.9335482197727578	0.10170813911707648	0.06751118111774838	161.2073732718894	5642.0	65.72109954923405	14.185781607222996	0.038638780574264446	0.10510457284650833	0.062034739454094295	0.0749734136830911	0.0062031902121090846	0.01521581359500633	0.07049311963824598	0.010309278350515464	94.88654198435853	97.0	329.523729382857	108585.88822638638	114.28078026164468	70.56514142797882	124.00723236073381	204.39749661833693	0.12183175603161854	0.8788324162013981	0.9335479578467109	0.10170813911707648	0.06751112940626429	161.20772775611485	5642.0	65.72135465363769	14.18579198018613	0.038638780574264446	0.10510457284650833	0.062034739454094295	0.0749734136830911	0.006203176571738934	0.015215754533213199	0.0704930680921263	0.010309278350515464	94.88654198435853	97.0	329.523680750958	108585.85617565931	114.28074539847276	70.5651216294851	124.00723236073381	204.39734005615392	0.12183162173042156	0.8788325506041691	0.9335480862923853	0.10170813911707648	0.06751114854785774	161.20755004882812	5642.0	65.72122955322266	14.185788140514186	0.038638780574264446	0.10510457284650833	0.062034739454094295	0.0749734136830911	0.006203183438628912	0.015215783379971981	0.07049308717250824	0.010309278033673763	94.88654198435853	97.0	329.5237121582031	108585.8828125	114.28076287580812	70.56513133845031	124.00723236073381	204.39739800942505	0.07619805000829002	0.9245033477975052	0.9283700642520979	0.0556137198954138	0.027934409610598763	100.43566111308047	2821.0	70.4955142083237	32.20202159153503	0.0021269053527118043	0.059198865650478556	0.016660758596242466	0.031549096065225095	0.009956622865996774	0.014185299748929639	0.031053950981228793	0.01020408163265306	85.99092867332492	98.0	64.20813034974846	4122.6840030102885	85.00152040345205	49.62744417773618	47.84971214076546	59.68366674476952	0.07619831894669736	0.924503078654906	0.9283699122924787	0.0556137198954138	0.02793439723240544	100.43601559730592	2821.0	70.49566163986563	32.2020343861651	0.0021269053527118043	0.059198865650478556	0.016660758596242466	0.031549096065225095	0.009956587724561466	0.01418527008241448	0.03105393864275942	0.01020408163265306	85.99092867332492	98.0	64.20851164232032	4122.732967321983	85.00149565770052	49.62743605450191	47.84971214076546	59.683640297961595	0.07619818329153177	0.9245032144130679	0.9283699623250657	0.0556137198954138	0.027934404033645024	100.43583679199219	2821.0	70.49561309814453	32.2020273561117	0.0021269053527118043	0.059198865650478556	0.016660758596242466	0.031549096065225095	0.009956605732440948	0.014185279607772827	0.031053945422172546	0.010204081423580647	85.99092867332492	98.0	64.20832061767578	4122.70849609375	85.00150813969985	49.627438729070505	47.84971214076546	59.68365482924836	238588885.0	0.16711364861227884	0.8335138498763803	0.9383675783265957	0.14780114444665504	0.10708705052614913	221.97908543069835	2821.0	61.27003929918625	9.096508546371162	0.07515065579581709	0.1510102800425381	0.10740872031194612	0.11839773130095711	0.004504928912828587	0.016321190771837506	0.10993228829526319	0.010416666666666666	103.78215529539213	96.0	453.50048561422307	205662.69045233616	76.64865588889273	50.16003623839653	127.6840200519472	229.71753379464215	0.16711391548044877	0.8335135828071514	0.9383672229545108	0.14780114444665504	0.10708695948227083	221.97943991492377	2821.0	61.270386815784384	9.096516055931259	0.07515065579581709	0.1510102800425381	0.10740872031194612	0.11839773130095711	0.004504921718800902	0.016321098200450426	0.10993219754149322	0.010416666666666666	103.78215529539213	96.0	453.5003609552813	205662.57738657043	76.64863132961584	50.16001724213423	127.6840200519472	229.7173384920814	0.16711378252279777	0.833513715864973	0.9383673878913148	0.14780114444665504	0.10708700591273189	221.97926330566406	2821.0	61.270225524902344	9.09651222621217	0.07515065579581709	0.1510102800425381	0.10740872031194612	0.11839773130095711	0.0045049251057207584	0.01632114127278328	0.10993224382400514	0.010416666977107525	103.78215529539213	96.0	453.50042724609375	205662.625	76.64864356540915	50.16002605876031	127.6840200519472	229.7174380922754	COMPLETE
27	0.07163943350315094	2025-06-09 04:01:36.686096	2025-06-09 04:06:07.519097	0 days 00:04:30.833001	128	1	0.0007648585684218412	0.0003585223557169232	16	50	0.12432241572290212	0.8763398727856457	0.9321090137974765	0.10313145757361507	0.06866116589857196	164.5033676001418	5642.0	67.12282261638909	13.958793953995423	0.04005671747607231	0.1065225097483162	0.0641616448068061	0.07834101382488479	0.006078902909943456	0.01489806240293349	0.07163942696595003	0.01	94.88654198435853	100.0	325.0746922694254	105673.5555540616	113.95662248921386	70.45635457472505	125.74260756369696	207.87920152199672	0.12432241572290212	0.8763398727856457	0.9321090137974765	0.10313145757361507	0.06866116589857196	164.5033676001418	5642.0	67.12282261638909	13.958793953995423	0.04005671747607231	0.1065225097483162	0.0641616448068061	0.07834101382488479	0.006078902909943456	0.01489806240293349	0.07163942696595003	0.01	94.88654198435853	100.0	325.0746922694254	105673.5555540616	113.95662248921386	70.45635457472505	125.74260756369696	207.87920152199672	0.12432241919346024	0.8763398693124628	0.9321090263777383	0.10313145757361507	0.06866117245674477	164.5033721923828	5642.0	67.12281036376953	13.958792680235483	0.04005671747607231	0.1065225097483162	0.0641616448068061	0.07834101382488479	0.006078902631998062	0.014898065477609634	0.07163943350315094	0.009999999776482582	94.88654198435853	100.0	325.0746765136719	105673.5546875	113.9566220375715	70.45635552564322	125.74260756369696	207.87922137758335	0.09601154929096406	0.904674805090294	0.9223804709184973	0.05490204975215488	0.028767608051650188	126.55157745480327	2821.0	76.30663024900105	31.363225623867727	0.005671747607231478	0.05848989719957462	0.018433179723502304	0.03119461183977313	0.007901916515873861	0.013105021106774549	0.03188447553171923	0.009708737864077669	87.47353089183052	103.0	218.30471481295152	47656.94850956409	83.17842665099232	49.307261289191544	47.237395403849526	61.46384892084482	0.09601154929096406	0.904674805090294	0.9223804709184973	0.05490204975215488	0.028767608051650188	126.55157745480327	2821.0	76.30663024900105	31.363225623867727	0.005671747607231478	0.05848989719957462	0.018433179723502304	0.03119461183977313	0.007901916515873861	0.013105021106774549	0.03188447553171923	0.009708737864077669	87.47353089183052	103.0	218.30471481295152	47656.94850956409	83.17842665099232	49.307261289191544	47.237395403849526	61.46384892084482	0.09601154720629745	0.9046748071765434	0.9223804759512529	0.05490204975215488	0.02876760906565794	126.55157470703125	2821.0	76.30662536621094	31.363224629638026	0.005671747607231478	0.05848989719957462	0.018433179723502304	0.03119461183977313	0.007901916280388832	0.01310502178966999	0.03188447654247284	0.009708737954497337	87.47353089183052	103.0	218.30471801757812	47656.94921875	83.17842684280814	49.30726155822521	47.237395403849526	61.46385108733775	384807704.0	0.15241535041725507	0.8482232218029978	0.9406436062354414	0.15135938601472748	0.10855381442603051	202.45515774548034	2821.0	59.044322902074796	8.977113696056826	0.07444168734491315	0.15455512229705778	0.10989010989010989	0.12548741580999645	0.00493936539397611	0.01693642929327013	0.11139437840018084	0.010638297872340425	105.26475751389773	94.0	401.01058071837394	160809.4858480875	78.00130718234425	50.28170033360206	130.7579515118718	232.86395891405925	0.15241535041725507	0.8482232218029978	0.9406436062354414	0.15135938601472748	0.10855381442603051	202.45515774548034	2821.0	59.044322902074796	8.977113696056826	0.07444168734491315	0.15455512229705778	0.10989010989010989	0.12548741580999645	0.00493936539397611	0.01693642929327013	0.11139437840018084	0.010638297872340425	105.26475751389773	94.0	401.01058071837394	160809.4858480875	78.00130718234425	50.28170033360206	130.7579515118718	232.86395891405925	0.15241534791292272	0.8482232243092169	0.9406435944657261	0.15135938601472748	0.10855381905384451	202.4551544189453	2821.0	59.044334411621094	8.977113324296317	0.07444168734491315	0.15455512229705778	0.10989010989010989	0.12548741580999645	0.004939365666359663	0.016936425119638443	0.11139438301324846	0.010638297535479069	105.26475751389773	94.0	401.0105895996094	160809.484375	78.00130741281231	50.281699704456976	130.7579515118718	232.86396884140353	COMPLETE
28	0.07158173620700836	2025-06-09 04:06:07.520097	2025-06-09 04:10:40.582803	0 days 00:04:33.062706	128	1	0.0007205712692042687	0.00033278308703066	16	50	0.12422275718733608	0.8764396066945045	0.9320997895754606	0.10277562795948042	0.06860329569701305	164.37149946827367	5642.0	67.1318066013073	13.970042842324363	0.040411201701524284	0.10616802552286424	0.06238922367954626	0.07656859269762496	0.006083779750351526	0.014896068653998153	0.07158174182332129	0.010101010101010102	93.40393976585293	99.0	324.8469247494309	105525.52451916243	113.96959158916484	70.45565733325715	125.30876376295618	207.70399314715272	0.12422289113698066	0.8764394726435517	0.9320996856023425	0.10277562795948042	0.06860328281777787	164.3716767103864	5642.0	67.1319078665331	13.970045347825492	0.040411201701524284	0.10616802552286424	0.06238922367954626	0.07656859269762496	0.006083773190206872	0.014896046184001342	0.0715817289852717	0.010101010101010102	93.40393976585293	99.0	324.846899175479	105525.50790392383	113.96957415757888	70.45564947412612	125.30876376295618	207.70395415385732	0.12422281958380138	0.8764395442508478	0.9320997281211644	0.10277562795948042	0.06860329006268251	164.37158203125	5642.0	67.13186645507812	13.970043938415856	0.040411201701524284	0.10616802552286424	0.06238922367954626	0.07656859269762496	0.006083776708692312	0.014896055683493614	0.07158173620700836	0.010101010091602802	93.40393976585293	99.0	324.846923828125	105525.515625	113.96958346917802	70.45565268804332	125.30876376295618	207.70397608859975	0.09495569710381574	0.9057314589345586	0.92275360533972	0.05312287439400758	0.0287960709768549	125.15987238567884	2821.0	75.94461444930865	31.335342673327226	0.006380716058135413	0.05671747607231478	0.015242821694434599	0.02871322226160936	0.007989781236900837	0.013167490641057608	0.03191284711404175	0.009900990099009901	85.99092867332492	101.0	213.99044105108663	45791.90886123859	83.27557847149856	49.327207761372264	45.70660356155968	61.52466179522377	0.09495596604222306	0.9057311897919595	0.9227533691847476	0.05312287439400758	0.028796045218090986	125.16022686990429	2821.0	75.94484356735916	31.335367884804317	0.006380716058135413	0.05671747607231478	0.015242821694434599	0.02871322226160936	0.007989758607895728	0.013167450916046085	0.03191282143794256	0.009900990099009901	85.99092867332492	101.0	213.99042836188977	45791.90343050507	83.27555372574703	49.32719513734639	45.70660356155968	61.52460675996429	0.09495583142939079	0.9057313245069968	0.9227534677647798	0.05312287439400758	0.028796057271053385	125.16004943847656	2821.0	75.94474792480469	31.335356087921653	0.006380716058135413	0.05671747607231478	0.015242821694434599	0.02871322226160936	0.00798976980149746	0.013167467899620533	0.03191283345222473	0.009900989942252636	85.99092867332492	101.0	213.9904327392578	45791.90234375	83.27556611183846	49.32720040709306	45.70660356155968	61.52463251189538	1813159060.0	0.15326452493396012	0.8473734075162629	0.940339548370179	0.1524268584851492	0.10840961306555431	203.58312655086849	2821.0	59.34165957960641	8.98871261475399	0.07444168734491315	0.1556185749734137	0.10953562566465792	0.12442396313364056	0.004911998439861538	0.016851567803871533	0.11125063653260081	0.010638297872340425	105.26475751389773	94.0	402.7207925848346	162184.03678015736	77.9231595632698	50.26544705088812	131.6801309498492	232.55462570583595	0.15326452493396012	0.8473734075162629	0.940339548370179	0.1524268584851492	0.10840961306555431	203.58312655086849	2821.0	59.34165957960641	8.98871261475399	0.07444168734491315	0.1556185749734137	0.10953562566465792	0.12442396313364056	0.004911998439861538	0.016851567803871533	0.11125063653260081	0.010638297872340425	105.26475751389773	94.0	402.7207925848346	162184.03678015736	77.9231595632698	50.26544705088812	131.6801309498492	232.55462570583595	0.15326452744236455	0.8473734050059687	0.9403395484046488	0.1524268584851492	0.10840961550251078	203.5831298828125	2821.0	59.34165954589844	8.988712418482745	0.07444168734491315	0.1556185749734137	0.10953562566465792	0.12442396313364056	0.0049119982868433	0.01685156859457493	0.11125063896179199	0.010638297535479069	105.26475751389773	94.0	402.7207946777344	162184.046875	77.92315933242699	50.2654470527307	131.6801309498492	232.55463093346734	COMPLETE
29	0.07147210091352463	2025-06-09 04:10:40.584801	2025-06-09 04:15:13.029808	0 days 00:04:32.445007	128	1	0.000788228478567121	0.00028540772472212086	16	50	0.1278902984558821	0.87276929160774	0.9314692413418151	0.10224188353827844	0.06849329968005342	169.2243885147111	5642.0	67.74593273699256	13.99147407469263	0.040411201701524284	0.10563629918468628	0.06238922367954626	0.07585962424672102	0.005909313715221772	0.014761033756554237	0.07147209755466516	0.010101010101010102	94.88654198435853	99.0	339.6327942627142	115350.43493869912	113.4923147656998	70.40799538678031	124.65799806184498	207.37096815585053	0.1278902984558821	0.87276929160774	0.9314692413418151	0.10224188353827844	0.06849329968005342	169.2243885147111	5642.0	67.74593273699256	13.99147407469263	0.040411201701524284	0.10563629918468628	0.06238922367954626	0.07585962424672102	0.005909313715221772	0.014761033756554237	0.07147209755466516	0.010101010101010102	94.88654198435853	99.0	339.6327942627142	115350.43493869912	113.4923147656998	70.40799538678031	124.65799806184498	207.37096815585053	0.12789030392538356	0.8727692861341019	0.9314692326914057	0.10224188353827844	0.0684933030496884	169.22439575195312	5642.0	67.74594116210938	13.991473417157806	0.040411201701524284	0.10563629918468628	0.06238922367954626	0.07585962424672102	0.005909313447773457	0.014761031605303288	0.07147210091352463	0.010101010091602802	94.88654198435853	99.0	339.6328125	115350.4375	113.49231405392423	70.40799473291226	124.65799806184498	207.3709783577896	0.10597840666633766	0.8947003803657783	0.9211424849751246	0.05276703932237812	0.028776844102459443	139.68876285005317	2821.0	77.5077268131548	31.354172334477397	0.006380716058135413	0.05636299184686282	0.015242821694434599	0.028004253810705423	0.007158771969893063	0.012901939472572397	0.0318936819423037	0.00980392156862745	87.47353089183052	102.0	281.6408464186655	79321.56637142232	82.26134909929553	49.24108285382047	45.40044519310172	61.48358233874129	0.10597840666633766	0.8947003803657783	0.9211424849751246	0.05276703932237812	0.028776844102459443	139.68876285005317	2821.0	77.5077268131548	31.354172334477397	0.006380716058135413	0.05636299184686282	0.015242821694434599	0.028004253810705423	0.007158771969893063	0.012901939472572397	0.0318936819423037	0.00980392156862745	87.47353089183052	102.0	281.6408464186655	79321.56637142232	82.26134909929553	49.24108285382047	45.40044519310172	61.48358233874129	0.1059784094199032	0.8947003776101221	0.9211424988848902	0.05276703932237812	0.02877684389428802	139.6887664794922	2821.0	77.5077133178711	31.354172538470657	0.006380716058135413	0.05636299184686282	0.015242821694434599	0.028004253810705423	0.007158771622925997	0.012901941314339638	0.03189368173480034	0.009803921915590763	87.47353089183052	102.0	281.6408386230469	79321.5703125	82.2613488459325	49.2410835973883	45.40044519310172	61.483581893969635	143008765.0	0.14963351661394464	0.85100715144628	0.9404705044055335	0.1517152101715347	0.10820884997498983	198.76001417936902	2821.0	59.21359832251182	9.004911111900403	0.07444168734491315	0.15490960652250974	0.10953562566465792	0.12371499468273661	0.005031193040153236	0.01688801269183839	0.1110505131670266	0.010526315789473684	105.26475751389773	95.0	386.8263139177198	149634.5971391703	78.25731308467985	50.27244724956371	131.06534465786424	232.12395923575514	0.14963351661394464	0.85100715144628	0.9404705044055335	0.1517152101715347	0.10820884997498983	198.76001417936902	2821.0	59.21359832251182	9.004911111900403	0.07444168734491315	0.15490960652250974	0.10953562566465792	0.12371499468273661	0.005031193040153236	0.01688801269183839	0.1110505131670266	0.010526315789473684	105.26475751389773	95.0	386.8263139177198	149634.5971391703	78.25731308467985	50.27244724956371	131.06534465786424	232.12395923575514	0.14963351329112318	0.8510071547716049	0.9404704869241393	0.1517152101715347	0.10820885318515093	198.760009765625	2821.0	59.21361541748047	9.004910852422967	0.07444168734491315	0.15490960652250974	0.10953562566465792	0.12371499468273661	0.005031193140894175	0.016888007521629333	0.11105051636695863	0.010526316240429878	105.26475751389773	95.0	386.8263244628906	149634.59375	78.25731339047164	50.27244631510329	131.06534465786424	232.12396612202463	COMPLETE
