number	value	datetime_start	datetime_complete	duration	params_loss.margin	params_model.embedding_dim	params_model.scoring_fct_norm	params_negative_sampler.num_negs_per_pos	params_optimizer.lr	params_optimizer.weight_decay	params_regularizer.weight	params_training.batch_size	params_training.num_epochs	user_attrs_both.optimistic.adjusted_arithmetic_mean_rank	user_attrs_both.optimistic.adjusted_arithmetic_mean_rank_index	user_attrs_both.optimistic.adjusted_geometric_mean_rank_index	user_attrs_both.optimistic.adjusted_hits_at_k	user_attrs_both.optimistic.adjusted_inverse_harmonic_mean_rank	user_attrs_both.optimistic.arithmetic_mean_rank	user_attrs_both.optimistic.count	user_attrs_both.optimistic.geometric_mean_rank	user_attrs_both.optimistic.harmonic_mean_rank	user_attrs_both.optimistic.hits_at_1	user_attrs_both.optimistic.hits_at_10	user_attrs_both.optimistic.hits_at_3	user_attrs_both.optimistic.hits_at_5	user_attrs_both.optimistic.inverse_arithmetic_mean_rank	user_attrs_both.optimistic.inverse_geometric_mean_rank	user_attrs_both.optimistic.inverse_harmonic_mean_rank	user_attrs_both.optimistic.inverse_median_rank	user_attrs_both.optimistic.median_absolute_deviation	user_attrs_both.optimistic.median_rank	user_attrs_both.optimistic.standard_deviation	user_attrs_both.optimistic.variance	user_attrs_both.optimistic.z_arithmetic_mean_rank	user_attrs_both.optimistic.z_geometric_mean_rank	user_attrs_both.optimistic.z_hits_at_k	user_attrs_both.optimistic.z_inverse_harmonic_mean_rank	user_attrs_both.pessimistic.adjusted_arithmetic_mean_rank	user_attrs_both.pessimistic.adjusted_arithmetic_mean_rank_index	user_attrs_both.pessimistic.adjusted_geometric_mean_rank_index	user_attrs_both.pessimistic.adjusted_hits_at_k	user_attrs_both.pessimistic.adjusted_inverse_harmonic_mean_rank	user_attrs_both.pessimistic.arithmetic_mean_rank	user_attrs_both.pessimistic.count	user_attrs_both.pessimistic.geometric_mean_rank	user_attrs_both.pessimistic.harmonic_mean_rank	user_attrs_both.pessimistic.hits_at_1	user_attrs_both.pessimistic.hits_at_10	user_attrs_both.pessimistic.hits_at_3	user_attrs_both.pessimistic.hits_at_5	user_attrs_both.pessimistic.inverse_arithmetic_mean_rank	user_attrs_both.pessimistic.inverse_geometric_mean_rank	user_attrs_both.pessimistic.inverse_harmonic_mean_rank	user_attrs_both.pessimistic.inverse_median_rank	user_attrs_both.pessimistic.median_absolute_deviation	user_attrs_both.pessimistic.median_rank	user_attrs_both.pessimistic.standard_deviation	user_attrs_both.pessimistic.variance	user_attrs_both.pessimistic.z_arithmetic_mean_rank	user_attrs_both.pessimistic.z_geometric_mean_rank	user_attrs_both.pessimistic.z_hits_at_k	user_attrs_both.pessimistic.z_inverse_harmonic_mean_rank	user_attrs_both.realistic.adjusted_arithmetic_mean_rank	user_attrs_both.realistic.adjusted_arithmetic_mean_rank_index	user_attrs_both.realistic.adjusted_geometric_mean_rank_index	user_attrs_both.realistic.adjusted_hits_at_k	user_attrs_both.realistic.adjusted_inverse_harmonic_mean_rank	user_attrs_both.realistic.arithmetic_mean_rank	user_attrs_both.realistic.count	user_attrs_both.realistic.geometric_mean_rank	user_attrs_both.realistic.harmonic_mean_rank	user_attrs_both.realistic.hits_at_1	user_attrs_both.realistic.hits_at_10	user_attrs_both.realistic.hits_at_3	user_attrs_both.realistic.hits_at_5	user_attrs_both.realistic.inverse_arithmetic_mean_rank	user_attrs_both.realistic.inverse_geometric_mean_rank	user_attrs_both.realistic.inverse_harmonic_mean_rank	user_attrs_both.realistic.inverse_median_rank	user_attrs_both.realistic.median_absolute_deviation	user_attrs_both.realistic.median_rank	user_attrs_both.realistic.standard_deviation	user_attrs_both.realistic.variance	user_attrs_both.realistic.z_arithmetic_mean_rank	user_attrs_both.realistic.z_geometric_mean_rank	user_attrs_both.realistic.z_hits_at_k	user_attrs_both.realistic.z_inverse_harmonic_mean_rank	user_attrs_head.optimistic.adjusted_arithmetic_mean_rank	user_attrs_head.optimistic.adjusted_arithmetic_mean_rank_index	user_attrs_head.optimistic.adjusted_geometric_mean_rank_index	user_attrs_head.optimistic.adjusted_hits_at_k	user_attrs_head.optimistic.adjusted_inverse_harmonic_mean_rank	user_attrs_head.optimistic.arithmetic_mean_rank	user_attrs_head.optimistic.count	user_attrs_head.optimistic.geometric_mean_rank	user_attrs_head.optimistic.harmonic_mean_rank	user_attrs_head.optimistic.hits_at_1	user_attrs_head.optimistic.hits_at_10	user_attrs_head.optimistic.hits_at_3	user_attrs_head.optimistic.hits_at_5	user_attrs_head.optimistic.inverse_arithmetic_mean_rank	user_attrs_head.optimistic.inverse_geometric_mean_rank	user_attrs_head.optimistic.inverse_harmonic_mean_rank	user_attrs_head.optimistic.inverse_median_rank	user_attrs_head.optimistic.median_absolute_deviation	user_attrs_head.optimistic.median_rank	user_attrs_head.optimistic.standard_deviation	user_attrs_head.optimistic.variance	user_attrs_head.optimistic.z_arithmetic_mean_rank	user_attrs_head.optimistic.z_geometric_mean_rank	user_attrs_head.optimistic.z_hits_at_k	user_attrs_head.optimistic.z_inverse_harmonic_mean_rank	user_attrs_head.pessimistic.adjusted_arithmetic_mean_rank	user_attrs_head.pessimistic.adjusted_arithmetic_mean_rank_index	user_attrs_head.pessimistic.adjusted_geometric_mean_rank_index	user_attrs_head.pessimistic.adjusted_hits_at_k	user_attrs_head.pessimistic.adjusted_inverse_harmonic_mean_rank	user_attrs_head.pessimistic.arithmetic_mean_rank	user_attrs_head.pessimistic.count	user_attrs_head.pessimistic.geometric_mean_rank	user_attrs_head.pessimistic.harmonic_mean_rank	user_attrs_head.pessimistic.hits_at_1	user_attrs_head.pessimistic.hits_at_10	user_attrs_head.pessimistic.hits_at_3	user_attrs_head.pessimistic.hits_at_5	user_attrs_head.pessimistic.inverse_arithmetic_mean_rank	user_attrs_head.pessimistic.inverse_geometric_mean_rank	user_attrs_head.pessimistic.inverse_harmonic_mean_rank	user_attrs_head.pessimistic.inverse_median_rank	user_attrs_head.pessimistic.median_absolute_deviation	user_attrs_head.pessimistic.median_rank	user_attrs_head.pessimistic.standard_deviation	user_attrs_head.pessimistic.variance	user_attrs_head.pessimistic.z_arithmetic_mean_rank	user_attrs_head.pessimistic.z_geometric_mean_rank	user_attrs_head.pessimistic.z_hits_at_k	user_attrs_head.pessimistic.z_inverse_harmonic_mean_rank	user_attrs_head.realistic.adjusted_arithmetic_mean_rank	user_attrs_head.realistic.adjusted_arithmetic_mean_rank_index	user_attrs_head.realistic.adjusted_geometric_mean_rank_index	user_attrs_head.realistic.adjusted_hits_at_k	user_attrs_head.realistic.adjusted_inverse_harmonic_mean_rank	user_attrs_head.realistic.arithmetic_mean_rank	user_attrs_head.realistic.count	user_attrs_head.realistic.geometric_mean_rank	user_attrs_head.realistic.harmonic_mean_rank	user_attrs_head.realistic.hits_at_1	user_attrs_head.realistic.hits_at_10	user_attrs_head.realistic.hits_at_3	user_attrs_head.realistic.hits_at_5	user_attrs_head.realistic.inverse_arithmetic_mean_rank	user_attrs_head.realistic.inverse_geometric_mean_rank	user_attrs_head.realistic.inverse_harmonic_mean_rank	user_attrs_head.realistic.inverse_median_rank	user_attrs_head.realistic.median_absolute_deviation	user_attrs_head.realistic.median_rank	user_attrs_head.realistic.standard_deviation	user_attrs_head.realistic.variance	user_attrs_head.realistic.z_arithmetic_mean_rank	user_attrs_head.realistic.z_geometric_mean_rank	user_attrs_head.realistic.z_hits_at_k	user_attrs_head.realistic.z_inverse_harmonic_mean_rank	user_attrs_random_seed	user_attrs_stopped_epoch	user_attrs_tail.optimistic.adjusted_arithmetic_mean_rank	user_attrs_tail.optimistic.adjusted_arithmetic_mean_rank_index	user_attrs_tail.optimistic.adjusted_geometric_mean_rank_index	user_attrs_tail.optimistic.adjusted_hits_at_k	user_attrs_tail.optimistic.adjusted_inverse_harmonic_mean_rank	user_attrs_tail.optimistic.arithmetic_mean_rank	user_attrs_tail.optimistic.count	user_attrs_tail.optimistic.geometric_mean_rank	user_attrs_tail.optimistic.harmonic_mean_rank	user_attrs_tail.optimistic.hits_at_1	user_attrs_tail.optimistic.hits_at_10	user_attrs_tail.optimistic.hits_at_3	user_attrs_tail.optimistic.hits_at_5	user_attrs_tail.optimistic.inverse_arithmetic_mean_rank	user_attrs_tail.optimistic.inverse_geometric_mean_rank	user_attrs_tail.optimistic.inverse_harmonic_mean_rank	user_attrs_tail.optimistic.inverse_median_rank	user_attrs_tail.optimistic.median_absolute_deviation	user_attrs_tail.optimistic.median_rank	user_attrs_tail.optimistic.standard_deviation	user_attrs_tail.optimistic.variance	user_attrs_tail.optimistic.z_arithmetic_mean_rank	user_attrs_tail.optimistic.z_geometric_mean_rank	user_attrs_tail.optimistic.z_hits_at_k	user_attrs_tail.optimistic.z_inverse_harmonic_mean_rank	user_attrs_tail.pessimistic.adjusted_arithmetic_mean_rank	user_attrs_tail.pessimistic.adjusted_arithmetic_mean_rank_index	user_attrs_tail.pessimistic.adjusted_geometric_mean_rank_index	user_attrs_tail.pessimistic.adjusted_hits_at_k	user_attrs_tail.pessimistic.adjusted_inverse_harmonic_mean_rank	user_attrs_tail.pessimistic.arithmetic_mean_rank	user_attrs_tail.pessimistic.count	user_attrs_tail.pessimistic.geometric_mean_rank	user_attrs_tail.pessimistic.harmonic_mean_rank	user_attrs_tail.pessimistic.hits_at_1	user_attrs_tail.pessimistic.hits_at_10	user_attrs_tail.pessimistic.hits_at_3	user_attrs_tail.pessimistic.hits_at_5	user_attrs_tail.pessimistic.inverse_arithmetic_mean_rank	user_attrs_tail.pessimistic.inverse_geometric_mean_rank	user_attrs_tail.pessimistic.inverse_harmonic_mean_rank	user_attrs_tail.pessimistic.inverse_median_rank	user_attrs_tail.pessimistic.median_absolute_deviation	user_attrs_tail.pessimistic.median_rank	user_attrs_tail.pessimistic.standard_deviation	user_attrs_tail.pessimistic.variance	user_attrs_tail.pessimistic.z_arithmetic_mean_rank	user_attrs_tail.pessimistic.z_geometric_mean_rank	user_attrs_tail.pessimistic.z_hits_at_k	user_attrs_tail.pessimistic.z_inverse_harmonic_mean_rank	user_attrs_tail.realistic.adjusted_arithmetic_mean_rank	user_attrs_tail.realistic.adjusted_arithmetic_mean_rank_index	user_attrs_tail.realistic.adjusted_geometric_mean_rank_index	user_attrs_tail.realistic.adjusted_hits_at_k	user_attrs_tail.realistic.adjusted_inverse_harmonic_mean_rank	user_attrs_tail.realistic.arithmetic_mean_rank	user_attrs_tail.realistic.count	user_attrs_tail.realistic.geometric_mean_rank	user_attrs_tail.realistic.harmonic_mean_rank	user_attrs_tail.realistic.hits_at_1	user_attrs_tail.realistic.hits_at_10	user_attrs_tail.realistic.hits_at_3	user_attrs_tail.realistic.hits_at_5	user_attrs_tail.realistic.inverse_arithmetic_mean_rank	user_attrs_tail.realistic.inverse_geometric_mean_rank	user_attrs_tail.realistic.inverse_harmonic_mean_rank	user_attrs_tail.realistic.inverse_median_rank	user_attrs_tail.realistic.median_absolute_deviation	user_attrs_tail.realistic.median_rank	user_attrs_tail.realistic.standard_deviation	user_attrs_tail.realistic.variance	user_attrs_tail.realistic.z_arithmetic_mean_rank	user_attrs_tail.realistic.z_geometric_mean_rank	user_attrs_tail.realistic.z_hits_at_k	user_attrs_tail.realistic.z_inverse_harmonic_mean_rank	state
0	0.06967061758041382	2025-06-09 00:29:02.349079	2025-06-09 00:48:58.380700	0 days 00:19:56.031621	1.0689627584236705	256	2	7	0.00022380764981865762	0.0005447269104536856	0.38730542989362604	16	150	0.10249317794460164	0.8981856203542966	0.933809337770942	0.10793515736443285	0.0666860383513469	135.61892945763913	5642.0	65.46678214950786	14.353253409689472	0.036334633108826654	0.11130804679191776	0.06238922367954626	0.0771003190358029	0.007373601930048801	0.015274922138624119	0.06967061553619115	0.01	93.40393976585293	100.0	209.798973977848	44015.609482157735	116.79737832605838	70.58487884280215	131.59949887369768	201.89928649946742	0.10249317794460164	0.8981856203542966	0.933809337770942	0.10793515736443285	0.0666860383513469	135.61892945763913	5642.0	65.46678214950786	14.353253409689472	0.036334633108826654	0.11130804679191776	0.06238922367954626	0.0771003190358029	0.007373601930048801	0.015274922138624119	0.06967061553619115	0.01	93.40393976585293	100.0	209.798973977848	44015.609482157735	116.79737832605838	70.58487884280215	131.59949887369768	201.89928649946742	0.10249317608873193	0.89818562221157	0.9338093383184995	0.10793515736443285	0.0666860404021276	135.61892700195312	5642.0	65.46678161621094	14.353252988547146	0.036334633108826654	0.11130804679191776	0.06238922367954626	0.0771003190358029	0.007373602129518986	0.015274922363460064	0.06967061758041382	0.009999999776482582	93.40393976585293	100.0	209.79898071289062	44015.61328125	116.79737856757265	70.584878884191	131.59949887369768	201.89929270843066	0.10086077771339691	0.8998218948850122	0.9228109256449906	0.06628877204429759	0.030826808643772987	132.94328252392768	2821.0	75.88900216866409	29.466305310215105	0.005317263381779511	0.06983339241403758	0.019851116625310174	0.034739454094292806	0.007522004730250405	0.013177139920452368	0.03393706776170982	0.009523809523809525	87.47353089183052	105.0	225.4327068688076	50819.90532619773	82.73223600515732	49.33027190611325	57.03446319450449	65.86346371901328	0.10086077771339691	0.8998218948850122	0.9228109256449906	0.06628877204429759	0.030826808643772987	132.94328252392768	2821.0	75.88900216866409	29.466305310215105	0.005317263381779511	0.06983339241403758	0.019851116625310174	0.034739454094292806	0.007522004730250405	0.013177139920452368	0.03393706776170982	0.009523809523809525	87.47353089183052	105.0	225.4327068688076	50819.90532619773	82.73223600515732	49.33027190611325	57.03446319450449	65.86346371901328	0.10086077813607539	0.8998218944620128	0.9228109200794541	0.06628877204429759	0.030826811409671525	132.9432830810547	2821.0	75.88900756835938	29.466302916394483	0.005317263381779511	0.06983339241403758	0.019851116625310174	0.034739454094292806	0.007522004656493664	0.01317713875323534	0.03393707051873207	0.009523809887468815	87.47353089183052	105.0	225.43270874023438	50819.90625	82.73223596626553	49.33027160859897	57.03446319450449	65.86346962853379	1704349153.0		0.10411301226512765	0.8965619510475458	0.943270089191801	0.14958026523069126	0.10254445069648764	138.29457639135057	2821.0	56.47589825315755	9.487291285189178	0.06735200283587381	0.15278270116979795	0.10492733073378235	0.119461183977313	0.007230941560355678	0.017706668347574096	0.10540416331067248	0.010416666666666666	103.78215529539213	96.0	192.86522616866412	37196.99546508997	82.44646262219833	50.42209785298937	129.22098578190952	219.97298648701985	0.10411301226512765	0.8965619510475458	0.943270089191801	0.14958026523069126	0.10254445069648764	138.29457639135057	2821.0	56.47589825315755	9.487291285189178	0.06735200283587381	0.15278270116979795	0.10492733073378235	0.119461183977313	0.007230941560355678	0.017706668347574096	0.10540416331067248	0.010416666666666666	103.78215529539213	96.0	192.86522616866412	37196.99546508997	82.44646262219833	50.42209785298937	129.22098578190952	219.97298648701985	0.1041130081482496	0.8965619551675255	0.9432700847902903	0.14958026523069126	0.10254445576936559	138.29457092285156	2821.0	56.47590255737305	9.487290830041022	0.06735200283587381	0.15278270116979795	0.10492733073378235	0.119461183977313	0.0072309416718780994	0.01770666614174843	0.10540416836738588	0.010416666977107525	103.78215529539213	96.0	192.865234375	37196.99609375	82.44646300106534	50.4220976177085	129.22098578190952	219.97299736909204	COMPLETE
1	0.06874600052833557	2025-06-09 00:48:58.381700	2025-06-09 00:52:37.848179	0 days 00:03:39.466479	2.501016916008263	256	1	4	0.00034128018613716825	0.00022680237532266307	0.8144412975586856	512	100	0.12139561598887254	0.8792688861036079	0.9312089844731903	0.10224188353827844	0.06575845664379933	160.63062743707906	5642.0	67.99941143455389	14.546300859803349	0.035625664657922725	0.10563629918468628	0.06256646579227225	0.07621410847217298	0.006225462827079549	0.0147060096389577	0.06874600007506781	0.009900990099009901	94.88654198435853	101.0	313.88390872745504	98523.10815802532	114.33750264234428	70.38832306310906	124.65799806184498	199.09093126419154	0.12139574993851712	0.8792687520526551	0.9312088944753059	0.10224188353827844	0.06575844723881039	160.63080467919178	5642.0	67.99949908851929	14.546302843487188	0.035625664657922725	0.10563629918468628	0.06256646579227225	0.07621410847217298	0.006225455957823142	0.01470599068234659	0.06874599070015441	0.009900990099009901	94.88654198435853	101.0	313.8838956661385	98523.09995855135	114.33748521075832	70.38831626033945	124.65799806184498	199.09090278955725	0.12139568748891018	0.8792688145494937	0.9312089520080169	0.10224188353827844	0.0657584570985212	160.63072204589844	5642.0	67.99944305419922	14.546300763894218	0.035625664657922725	0.10563629918468628	0.06256646579227225	0.07621410847217298	0.006225459277629852	0.014706002548336983	0.06874600052833557	0.009900989942252636	94.88654198435853	101.0	313.8839111328125	98523.109375	114.33749333766075	70.38832060912809	124.65799806184498	199.09093264091186	0.07870885897905333	0.9219906324918365	0.9249170858385932	0.053478709465637035	0.027272172554785375	103.74512584190003	2821.0	73.84560112228243	32.901404605344524	0.0024813895781637717	0.05707196029776675	0.017369727047146403	0.02871322226160936	0.009639007055848837	0.013541768024124818	0.03039383916872532	0.00980392156862745	85.99092867332492	102.0	64.77962463601577	4196.399767983101	84.77049406716922	49.442859926195084	46.012761930017646	58.26875458817941	0.07870912791746065	0.9219903633492375	0.9249168896114376	0.053478709465637035	0.02727215374459313	103.74548032612549	2821.0	73.84579150228126	32.90142490209002	0.0024813895781637717	0.05707196029776675	0.017369727047146403	0.02871322226160936	0.009638974120669979	0.013541733112429405	0.030393820418898522	0.00980392156862745	85.99092867332492	102.0	64.77980934672688	4196.423698998284	84.77046932141769	49.44284943657183	46.012761930017646	58.2687143989912	0.078708991330761	0.9219905000396407	0.9249169964304912	0.053478709465637035	0.027272164793016772	103.74530029296875	2821.0	73.84568786621094	32.901412980515964	0.0024813895781637717	0.05707196029776675	0.017369727047146403	0.02871322226160936	0.009638991206884384	0.013541752472519875	0.030393831431865692	0.009803921915590763	85.99092867332492	102.0	64.77971649169922	4196.412109375	84.77048188913001	49.442855146748	46.012761930017646	58.26873800466047	1064892663.0	90.0	0.16375377835290833	0.8368762514697154	0.9369911401117954	0.15100356185792022	0.10424386349024382	217.51612903225808	2821.0	62.616051398767766	9.337228490539408	0.06876993973768167	0.1542006380716058	0.10776320453739809	0.12371499468273661	0.004597360225418953	0.015970345904304007	0.10709816098141028	0.01	106.74735973240334	100.0	431.7150633978357	186377.89596459732	76.9578571849792	50.08645932426506	130.45055836587935	223.61847783226338	0.16375377835290833	0.8368762514697154	0.9369911401117954	0.15100356185792022	0.10424386349024382	217.51612903225808	2821.0	62.616051398767766	9.337228490539408	0.06876993973768167	0.1542006380716058	0.10776320453739809	0.12371499468273661	0.004597360225418953	0.015970345904304007	0.10709816098141028	0.01	106.74735973240334	100.0	431.7150633978357	186377.89596459732	76.9578571849792	50.08645932426506	130.45055836587935	223.61847783226338	0.16375377798234858	0.8368762518405544	0.936991148607541	0.15100356185792022	0.10424385721247388	217.51612854003906	2821.0	62.61604309082031	9.337229036115486	0.06876993973768167	0.1542006380716058	0.10776320453739809	0.12371499468273661	0.004597360268235207	0.015970347449183464	0.10709815472364424	0.009999999776482582	106.74735973240334	100.0	431.7150573730469	186377.890625	76.95785721908098	50.08645977840149	130.45055836587935	223.61846436552	COMPLETE
2	0.06976494938135147	2025-06-09 00:52:37.849179	2025-06-09 00:55:37.461311	0 days 00:02:59.612132	2.15190312868127	256	1	7	0.00046069852013067567	0.0006672441255361545	0.984158249426037	2048	150	0.1296131587844445	0.871045128253249	0.9315726597454999	0.10491060564428832	0.06678066574396668	171.5040765685927	5642.0	67.6452077785759	14.333847277971678	0.036689117334278626	0.10829493087557604	0.06238922367954626	0.07656859269762496	0.005830765192336709	0.014783013207281667	0.06976494032671916	0.01	94.88654198435853	100.0	361.44146954985376	130639.93591035786	113.26810970713855	70.41581258800004	127.91182656740094	202.1857812969628	0.1296131587844445	0.871045128253249	0.9315726597454999	0.10491060564428832	0.06678066574396668	171.5040765685927	5642.0	67.6452077785759	14.333847277971678	0.036689117334278626	0.10829493087557604	0.06238922367954626	0.07656859269762496	0.005830765192336709	0.014783013207281667	0.06976494032671916	0.01	94.88654198435853	100.0	361.44146954985376	130639.93591035786	113.26810970713855	70.41581258800004	127.91182656740094	202.1857812969628	0.1296131569163113	0.871045130122795	0.9315726415246262	0.10491060564428832	0.06678067482764703	171.5040740966797	5642.0	67.64522552490234	14.33384541761461	0.036689117334278626	0.10829493087557604	0.06238922367954626	0.07656859269762496	0.0058307652361691	0.014783008955419064	0.06976494938135147	0.009999999776482582	94.88654198435853	100.0	361.44146728515625	130639.9296875	113.26810995024874	70.4158112107187	127.91182656740094	202.18580879880017	0.07917681180779457	0.9215223243693148	0.924859299690816	0.05419037960889596	0.02987710649822484	104.36192839418646	2821.0	73.90166536430579	30.31183599331662	0.007444168734491315	0.05778092874867068	0.017369727047146403	0.029067706487061327	0.009582038348533483	0.013531494792037475	0.03299041338903019	0.009523809523809525	84.50832645481931	105.0	65.47647593977713	4287.168901492214	84.72743645950726	49.43977087912918	46.62507866693358	63.834363868620066	0.07917681180779457	0.9215223243693148	0.924859299690816	0.05419037960889596	0.02987710649822484	104.36192839418646	2821.0	73.90166536430579	30.31183599331662	0.007444168734491315	0.05778092874867068	0.017369727047146403	0.029067706487061327	0.009582038348533483	0.013531494792037475	0.03299041338903019	0.009523809523809525	84.50832645481931	105.0	65.47647593977713	4287.168901492214	84.72743645950726	49.43977087912918	46.62507866693358	63.834363868620066	0.07917681366881092	0.9215223225068855	0.9248593396591811	0.05419037960889596	0.029877107762500067	104.36193084716797	2821.0	73.90162658691406	30.311834835419106	0.007444168734491315	0.05778092874867068	0.017369727047146403	0.029067706487061327	0.009582038037478924	0.013531502336263657	0.03299041464924812	0.009523809887468815	84.50832645481931	105.0	65.47647857666016	4287.1689453125	84.7274362882701	49.43977301569936	46.62507866693358	63.83436656982558	1410847239.0	65.0	0.1796612562258676	0.820956788866418	0.9377045442500624	0.15562927589641437	0.10368338382320207	238.64622474299892	2821.0	61.91841703227475	9.386192982533075	0.06593406593406594	0.1588089330024814	0.10740872031194612	0.12406947890818859	0.004190303035704472	0.016150283678582313	0.10653946726440815	0.010416666666666666	108.22996195090894	96.0	497.97245586104015	247976.56679627558	75.49392780792421	50.12459403634869	134.4466692637813	222.4161661968016	0.1796612562258676	0.820956788866418	0.9377045442500624	0.15562927589641437	0.10368338382320207	238.64622474299892	2821.0	61.91841703227475	9.386192982533075	0.06593406593406594	0.1588089330024814	0.10740872031194612	0.12406947890818859	0.004190303035704472	0.016150283678582313	0.10653946726440815	0.010416666666666666	108.22996195090894	96.0	497.97245586104015	247976.56679627558	75.49392780792421	50.12459403634869	134.4466692637813	222.4161661968016	0.17966125640096725	0.8209567886911865	0.9377045384552689	0.15562927589641437	0.10368338951451303	238.64622497558594	2821.0	61.91842269897461	9.386192482722805	0.06593406593406594	0.1588089330024814	0.10740872031194612	0.12406947890818859	0.004190302919596434	0.016150282695889473	0.10653947293758392	0.010416666977107525	108.22996195090894	96.0	497.9724426269531	247976.5625	75.49392779181018	50.12459372659048	134.4466692637813	222.41617840550387	COMPLETE
3	0.06769481301307678	2025-06-09 00:55:37.462312	2025-06-09 00:56:44.946424	0 days 00:01:07.484112	0.15463047322436418	128	2	10	0.0005088746726135128	0.00010692249220507729	0.5067920072371968	2048	50	0.0960398859177667	0.9046437931057594	0.9320127222716305	0.09494737644851813	0.06470392636144301	127.07993619283941	5642.0	67.21660631050104	14.772174222930696	0.03739808578518256	0.09836937256292096	0.058844381425026585	0.07196029776674938	0.007869062811634832	0.014877275942504303	0.06769484199879731	0.009615384615384616	94.88654198435853	104.0	148.772924321352	22133.383011126734	117.63717984264255	70.44907608070008	115.76420014665874	195.89822531158907	0.0960405556659896	0.9046431228509956	0.9320122774596885	0.09494737644851813	0.06470386654312633	127.08082240340305	5642.0	67.21703953769035	14.772187234581157	0.03739808578518256	0.09836937256292096	0.058844381425026585	0.07196029776674938	0.007869007935954476	0.014877180055501758	0.0676947823717693	0.009615384615384616	94.88654198435853	104.0	148.773751239778	22133.629057955342	117.63709268471278	70.44904245820804	115.76420014665874	195.8980442050823	0.09604021805099568	0.904643460721333	0.932012479610869	0.09494737644851813	0.06470389728273378	127.08037567138672	5642.0	67.21684265136719	14.772180548114187	0.03739808578518256	0.09836937256292096	0.058844381425026585	0.07196029776674938	0.007869035936892033	0.014877223409712315	0.06769481301307678	0.009615384973585606	94.88654198435853	104.0	148.77333068847656	22133.50390625	117.6371366203634	70.44905773843283	115.76420014665874	195.89813727261134	0.08082594212149642	0.9198719419513243	0.9224930267110327	0.04493866774653	0.02681560767484535	106.53562566465793	2821.0	76.19742838252294	33.40153984397747	0.005317263381779511	0.04856433888691953	0.01347040056717476	0.02481389578163772	0.00938653144205206	0.013123802485562169	0.029938739491386264	0.009345794392523364	87.47353089183052	107.0	65.58775701938043	4301.753870833287	84.57569551112613	49.31327813153278	38.66496108702643	57.29327429267436	0.08082674893671839	0.9198711345235268	0.9224923123114621	0.04493866774653	0.026815520522258596	106.53668911733428	2821.0	76.1981214944879	33.40163676512456	0.005317263381779511	0.04856433888691953	0.01347040056717476	0.02481389578163772	0.009386437745391628	0.01312368310906902	0.02993865261848856	0.009345794392523364	87.47353089183052	107.0	65.58823204778139	4301.816183153618	84.57562127387155	49.31323994220917	38.66496108702643	57.293088085555034	0.08082634424670915	0.9198715395207975	0.9224926518708845	0.04493866774653	0.026815563995580365	106.5361557006836	2821.0	76.19779205322266	33.40158841899396	0.005317263381779511	0.04856433888691953	0.01347040056717476	0.02481389578163772	0.009386484511196613	0.013123739510774612	0.029938695952296257	0.009345794096589088	87.47353089183052	107.0	65.5879898071289	4301.78466796875	84.57565851049577	49.31325809387835	38.66496108702643	57.29318096910921	1689422882.0		0.11113671562941457	0.8895329560090244	0.9403879921021148	0.1449545511921971	0.10259138143528036	147.6242467210209	2821.0	59.29428669455182	9.4830824387839	0.06947890818858561	0.14817440623892236	0.10421836228287841	0.11910669975186104	0.00677395497156908	0.016865031282885534	0.10545094450620836	0.01	106.74735973240334	100.0	197.78997639229215	39120.87476126348	81.80008701364393	50.26803658979116	125.22487488400752	220.07365985062128	0.11113724936575443	0.8895324218705662	0.9403877620408503	0.1449545511921971	0.10259134895061073	147.62495568947182	2821.0	59.29451167032071	9.483085350785203	0.06947890818858561	0.14817440623892236	0.10421836228287841	0.11910669975186104	0.006773922439668628	0.016864967293432325	0.10545091212505006	0.01	106.74735973240334	100.0	197.79109966782013	39121.31910780555	81.80003789509014	50.268024291964984	125.22487488400752	220.07359016620887	0.11113698405312102	0.8895326873830869	0.9403878535850948	0.1449545511921971	0.10259137256259221	147.62460327148438	2821.0	59.2944221496582	9.483083234152113	0.06947890818858561	0.14817440623892236	0.10421836228287841	0.11910669975186104	0.006773938424885273	0.016864992678165436	0.10545093566179274	0.009999999776482582	106.74735973240334	100.0	197.79052734375	39121.09375	81.80006231121452	50.268029185423295	125.22487488400752	220.07364081739524	COMPLETE
4	0.0708426982164383	2025-06-09 00:56:44.947425	2025-06-09 01:00:08.377627	0 days 00:03:23.430202	1.7048885792401944	128	2	4	0.0001780292123798836	0.000718833343548212	0.2577951599209821	32	50	0.13456313395018038	0.8660914093446919	0.9293945150432046	0.10224188353827844	0.06786187967912102	178.0538816022687	5642.0	69.76662453562612	14.115781106792188	0.03917050691244239	0.10563629918468628	0.06451612903225806	0.07763204537398086	0.005616277449282288	0.014333501250147955	0.0708426967260652	0.00980392156862745	94.88654198435853	102.0	377.13803073337846	142233.0942254507	112.62394287973436	70.25117075620962	124.65799806184498	205.45927493157959	0.13456313395018038	0.8660914093446919	0.9293945150432046	0.10224188353827844	0.06786187967912102	178.0538816022687	5642.0	69.76662453562612	14.115781106792188	0.03917050691244239	0.10563629918468628	0.06451612903225806	0.07763204537398086	0.005616277449282288	0.014333501250147955	0.0708426967260652	0.00980392156862745	94.88654198435853	102.0	377.13803073337846	142233.0942254507	112.62394287973436	70.25117075620962	124.65799806184498	205.45927493157959	0.1345631318204268	0.8660914114760562	0.9293945151304185	0.10224188353827844	0.06786188117427537	178.0538787841797	5642.0	69.7666244506836	14.115780809827493	0.03917050691244239	0.10563629918468628	0.06451612903225806	0.07763204537398086	0.005616277456283569	0.01433350145816803	0.0708426982164383	0.009803921915590763	94.88654198435853	102.0	377.13800048828125	142233.0625	112.6239431568906	70.25117076280195	124.65799806184498	205.45927945832312	0.1562026542338234	0.8444379999744315	0.9145393009804668	0.05490204975215488	0.02950766643031121	205.88869195320808	2821.0	83.91414980278257	30.654010433084114	0.006380716058135413	0.05848989719957462	0.01914214817440624	0.030840127614321162	0.004856993312810341	0.011916941330517303	0.03262215892380348	0.009345794392523364	87.47353089183052	107.0	487.9701733993142	238114.89012735675	77.64008000109328	48.88809953638207	47.237395403849526	63.04503134994905	0.1562026542338234	0.8444379999744315	0.9145393009804668	0.05490204975215488	0.02950766643031121	205.88869195320808	2821.0	83.91414980278257	30.654010433084114	0.006380716058135413	0.05848989719957462	0.01914214817440624	0.030840127614321162	0.004856993312810341	0.011916941330517303	0.03262215892380348	0.009345794392523364	87.47353089183052	107.0	487.9701733993142	238114.89012735675	77.64008000109328	48.88809953638207	47.237395403849526	63.04503134994905	0.15620265057744948	0.8444380036335815	0.9145392965999859	0.05490204975215488	0.029507666032605687	205.88868713378906	2821.0	83.91415405273438	30.65401080559611	0.006380716058135413	0.05848989719957462	0.01914214817440624	0.030840127614321162	0.004856993444263935	0.011916941031813622	0.03262215852737427	0.009345794096589088	87.47353089183052	107.0	487.9701843261719	238114.890625	77.64008033752616	48.88809930221675	47.237395403849526	63.04503050022556	1694051248.0		0.11309019063327416	0.8875780092526135	0.9417071338509116	0.14958026523069126	0.10621521869573682	150.21907125132932	2821.0	58.004304524737286	9.168992688734816	0.07196029776674938	0.15278270116979795	0.10989010989010989	0.12442396313364056	0.006656944365785052	0.017240099820066402	0.1090632345283269	0.010309278350515464	106.74735973240334	97.0	211.66422699407468	44801.74498899918	81.62031310678508	50.33855074591879	129.22098578190952	227.84732580047313	0.11309019063327416	0.8875780092526135	0.9417071338509116	0.14958026523069126	0.10621521869573682	150.21907125132932	2821.0	58.004304524737286	9.168992688734816	0.07196029776674938	0.15278270116979795	0.10989010989010989	0.12442396313364056	0.006656944365785052	0.017240099820066402	0.1090632345283269	0.010309278350515464	106.74735973240334	97.0	211.66422699407468	44801.74498899918	81.62031310678508	50.33855074591879	129.22098578190952	227.84732580047313	0.11309019001838931	0.8875780098679616	0.9417071276302308	0.14958026523069126	0.10621520713491285	150.2190704345703	2821.0	58.004310607910156	9.168993657561323	0.07196029776674938	0.15278270116979795	0.10989010989010989	0.12442396313364056	0.006656944286078215	0.017240097746253014	0.10906322300434113	0.010309278033673763	106.74735973240334	97.0	211.6642303466797	44801.74609375	81.62031316337155	50.33855041339497	129.22098578190952	227.84730100079886	COMPLETE
5	0.060971286777738394	2025-06-09 01:00:08.378626	2025-06-09 01:00:25.470787	0 days 00:00:17.092161	1.0441395852017092	192	2	10	0.00017996982714275754	0.0001033287068019971	0.12823244241486703	1024	50																																																																																																																																																																																																																																				PRUNED
6	0.06983339241403758	2025-06-09 01:00:25.471788	2025-06-09 01:00:47.647093	0 days 00:00:22.175305	2.376307956341413	192	1	10	0.00028568621118384244	0.0004321319613485988	0.08368205249121165	64	150																																																																																																																																																																																																																																				PRUNED
7	0.06292095001772421	2025-06-09 01:00:47.648090	2025-06-09 01:01:05.008075	0 days 00:00:17.359985	0.05756089015231458	192	1	4	0.0003300305478419473	0.00046581312156119626	0.272757133557934	256	150																																																																																																																																																																																																																																				PRUNED
8	0.0037220843672456576	2025-06-09 01:01:05.008075	2025-06-09 01:01:10.756234	0 days 00:00:05.748159	1.8360806138781194	128	2	7	0.00026799196687986716	0.0004994464439215958	0.9020715637580056	4096	150																																																																																																																																																																																																																																				PRUNED
9	0.01435661113080468	2025-06-09 01:01:10.756234	2025-06-09 01:01:28.038666	0 days 00:00:17.282432	0.6473593784366459	192	1	7	0.000158028125300193	0.00015390151661886055	0.10681468602109347	2048	100																																																																																																																																																																																																																																				PRUNED
10	0.0749734136830911	2025-06-09 01:01:28.038666	2025-06-09 01:01:47.229522	0 days 00:00:19.190856	2.9956013032613584	128	2	1	0.00010961363802414793	0.0009295484894684168	0.579890258049029	32	50																																																																																																																																																																																																																																				PRUNED
11	0.0697467103600502	2025-06-09 01:01:47.230524	2025-06-09 01:06:08.550904	0 days 00:04:21.320380	1.7906171128343993	256	1	1	0.0009378990934797798	0.0009927152660578313	0.700026606862804	32	100	0.10011208906258288	0.9005685100906854	0.9348396231988834	0.10633392410082693	0.06676237176010968	132.46827366182205	5642.0	64.46332963825989	14.337594904856608	0.035625664657922725	0.10971286777738391	0.06469337114498405	0.07816377171215881	0.007548977369123853	0.015512695444240379	0.06974670484386943	0.01020408163265306	93.40393976585293	98.0	213.23573836755054	45469.48011715447	117.10724219800558	70.66275616653759	129.64720177036412	202.1303942567476	0.10011208906258288	0.9005685100906854	0.9348396231988834	0.10633392410082693	0.06676237176010968	132.46827366182205	5642.0	64.46332963825989	14.337594904856608	0.035625664657922725	0.10971286777738391	0.06469337114498405	0.07816377171215881	0.007548977369123853	0.015512695444240379	0.06974670484386943	0.01020408163265306	93.40393976585293	98.0	213.23573836755054	45469.48011715447	117.10724219800558	70.66275616653759	129.64720177036412	202.1303942567476	0.10011209156841577	0.9005685075829573	0.9348396117804834	0.10633392410082693	0.06676237729398685	132.46827697753906	5642.0	64.46334075927734	14.337593770914019	0.035625664657922725	0.10971286777738391	0.06469337114498405	0.07816377171215881	0.00754897715523839	0.015512692742049694	0.0697467103600502	0.010204081423580647	93.40393976585293	98.0	213.23573303222656	45469.48046875	117.1072418719081	70.66275530344235	129.64720177036412	202.13041101116693	0.07730392473920034	0.9233966334297985	0.927483744017948	0.053478709465637035	0.028031206033762242	101.89330024813896	2821.0	71.35542396228846	32.1022786132091	0.002835873803615739	0.05707196029776675	0.016660758596242466	0.02871322226160936	0.009814187955093394	0.014014351600356308	0.0311504367664584	0.010101010101010102	84.50832645481931	99.0	68.9061362483891	4748.055612681563	84.89976587316124	49.58006457165279	46.012761930017646	59.89047854221602	0.07730392473920034	0.9233966334297985	0.927483744017948	0.053478709465637035	0.028031206033762242	101.89330024813896	2821.0	71.35542396228846	32.1022786132091	0.002835873803615739	0.05707196029776675	0.016660758596242466	0.02871322226160936	0.009814187955093394	0.014014351600356308	0.0311504367664584	0.010101010101010102	84.50832645481931	99.0	68.9061362483891	4748.055612681563	84.89976587316124	49.58006457165279	46.012761930017646	59.89047854221602	0.07730392676436368	0.9233966314030976	0.9274837293095348	0.053478709465637035	0.028031205293767212	101.89330291748047	2821.0	71.35543823242188	32.102279373368305	0.002835873803615739	0.05707196029776675	0.016660758596242466	0.02871322226160936	0.00981418788433075	0.0140143483877182	0.031150436028838154	0.010101010091602802	84.50832645481931	99.0	68.90613555908203	4748.0556640625	84.89976568682047	49.58006378539203	46.012761930017646	59.890476961168936	723120936.0	55.0	0.1227446804166933	0.8779162457544339	0.9414692494217625	0.1591875174644868	0.10549265466214343	163.04324707550515	2821.0	58.23693052748395	9.229947942508252	0.0684154555122297	0.16235377525700107	0.11272598369372563	0.12761432116270827	0.0061333420300253285	0.017171234660591644	0.10834297292128048	0.01020408163265306	106.74735973240334	98.0	290.38120914262424	84321.2466231325	80.73183214661667	50.32583473583674	137.5206007237059	226.29731926849522	0.1227446804166933	0.8779162457544339	0.9414692494217625	0.1591875174644868	0.10549265466214343	163.04324707550515	2821.0	58.23693052748395	9.229947942508252	0.0684154555122297	0.16235377525700107	0.11272598369372563	0.12761432116270827	0.0061333420300253285	0.017171234660591644	0.10834297292128048	0.01020408163265306	106.74735973240334	98.0	290.38120914262424	84321.2466231325	80.73183214661667	50.32583473583674	137.5206007237059	226.29731926849522	0.12274467765581959	0.8779162485173877	0.9414692412929979	0.1591875174644868	0.10549266460115037	163.04324340820312	2821.0	58.2369384765625	9.229947098483112	0.0684154555122297	0.16235377525700107	0.11272598369372563	0.12761432116270827	0.006133342161774635	0.017171232029795647	0.1083429828286171	0.010204081423580647	106.74735973240334	98.0	290.3812255859375	84321.25	80.73183240069366	50.325834301317116	137.5206007237059	226.2973405891325	COMPLETE
12	0.06965262442827225	2025-06-09 01:06:08.551904	2025-06-09 01:08:32.124017	0 days 00:02:23.572113	2.1875448078884583	256	2	4	0.0005253787419383429	0.0007130433228214754	0.9670520035177214	128	50	0.12509289407851484	0.8755688117053291	0.9301549736632727	0.09726026894039334	0.06666799346699627	165.52286423254165	5642.0	69.02597142017619	14.356960011401705	0.03810705423608649	0.10067352002835873	0.061680255228642324	0.07692307692307693	0.006041461429734013	0.014487300640983105	0.0696526283562705	0.00980392156862745	94.88654198435853	102.0	336.2715579920146	113078.56071437683	113.8563560067971	70.30865238269517	118.58418485147388	201.84465363529634	0.12509289407851484	0.8755688117053291	0.9301549736632727	0.09726026894039334	0.06666799346699627	165.52286423254165	5642.0	69.02597142017619	14.356960011401705	0.03810705423608649	0.10067352002835873	0.061680255228642324	0.07692307692307693	0.006041461429734013	0.014487300640983105	0.0696526283562705	0.00980392156862745	94.88654198435853	102.0	336.2715579920146	113078.56071437683	113.8563560067971	70.30865238269517	118.58418485147388	201.84465363529634	0.1250928891159029	0.8755688166716944	0.9301549824835764	0.09726026894039334	0.06666798952639666	165.52285766601562	5642.0	69.02596282958984	14.356960821049787	0.03810705423608649	0.10067352002835873	0.061680255228642324	0.07692307692307693	0.006041461601853371	0.014487302862107754	0.06965262442827225	0.009803921915590763	94.88654198435853	102.0	336.27154541015625	113078.5546875	113.85635665260841	70.30865304940522	118.58418485147388	201.84464170469934	0.14535717508172702	0.8552917135703717	0.9139527792312007	0.04493866774653	0.028602302447412523	191.5934065934066	2821.0	84.4831944366221	31.526148942912013	0.007444168734491315	0.04856433888691953	0.016660758596242466	0.02835873803615739	0.0052193862919414965	0.011836673632768272	0.03171970042426729	0.009345794392523364	87.47353089183052	107.0	432.50534935409615	187060.87721990875	78.63800192303815	48.85674611764147	38.66496108702643	61.1106628420304	0.14535717508172702	0.8552917135703717	0.9139527792312007	0.04493866774653	0.028602302447412523	191.5934065934066	2821.0	84.4831944366221	31.526148942912013	0.007444168734491315	0.04856433888691953	0.016660758596242466	0.02835873803615739	0.0052193862919414965	0.011836673632768272	0.03171970042426729	0.009345794392523364	87.47353089183052	107.0	432.50534935409615	187060.87721990875	78.63800192303815	48.85674611764147	38.66496108702643	61.1106628420304	0.1453571693571012	0.855291719299344	0.9139527891488961	0.04493866774653	0.02860230152216722	191.59339904785156	2821.0	84.48318481445312	31.52614985956039	0.007444168734491315	0.04856433888691953	0.016660758596242466	0.02835873803615739	0.005219386424869299	0.011836674995720387	0.03171969950199127	0.009345794096589088	87.47353089183052	107.0	432.5053405761719	187060.875	78.63800244977648	48.85674664780708	38.66496108702643	61.11066086518415	1309919469.0		0.10498460370810653	0.8956897029455734	0.9433509402029461	0.14958026523069126	0.10473281683085829	139.4523218716767	2821.0	56.39683445058765	9.294928004280768	0.06876993973768167	0.15278270116979795	0.10669975186104218	0.12548741580999645	0.007170909645521677	0.01773149166512448	0.10758555628827368	0.010416666666666666	103.78215529539213	96.0	194.25987195214958	37736.89785086555	82.36625202386486	50.42641970909631	129.22098578190952	224.66735493733577	0.10498460370810653	0.8956897029455734	0.9433509402029461	0.14958026523069126	0.10473281683085829	139.4523218716767	2821.0	56.39683445058765	9.294928004280768	0.06876993973768167	0.15278270116979795	0.10669975186104218	0.12548741580999645	0.007170909645521677	0.01773149166512448	0.10758555628827368	0.010416666666666666	103.78215529539213	96.0	194.25987195214958	37736.89785086555	82.36625202386486	50.42641970909631	129.22098578190952	224.66735493733577	0.10498459950164261	0.8956897071552065	0.9433509393065709	0.14958026523069126	0.10473280987497315	139.4523162841797	2821.0	56.39683532714844	9.294928603324347	0.06876993973768167	0.15278270116979795	0.10669975186104218	0.12548741580999645	0.007170910015702248	0.01773149147629738	0.10758554935455322	0.010416666977107525	103.78215529539213	96.0	194.25985717773438	37736.89453125	82.36625241097626	50.42641966118096	129.22098578190952	224.66734001593514	COMPLETE
13	0.07426444523218717	2025-06-09 01:08:32.125018	2025-06-09 01:11:14.922425	0 days 00:02:42.797407	1.428638944605279	128	1	4	0.000443922264974928	0.0003102835893741768	0.2882858647441914	32	100																																																																																																																																																																																																																																				PRUNED
14	0.06925525516271591	2025-06-09 01:11:14.923427	2025-06-09 01:14:28.910484	0 days 00:03:13.987057	1.8786628887391208	192	1	7	0.0008137721250746445	0.0007055538153021763	0.6642422516902227	2048	100	0.1462163511795338	0.8544293786068083	0.9260713735981503	0.10366520199481705	0.06626933991665987	193.4734136830911	5642.0	73.00321755910954	14.439338610778526	0.03739808578518256	0.10705423608649416	0.061857497341368306	0.07674583481035094	0.005168668815850828	0.013698026380690904	0.06925524963127677	0.009708737864077669	99.33434863987533	103.0	382.9446428970935	146646.59952358247	111.10744719635277	69.99998078970471	126.39337326480816	200.63768633954342	0.1462163511795338	0.8544293786068083	0.9260713735981503	0.10366520199481705	0.06626933991665987	193.4734136830911	5642.0	73.00321755910954	14.439338610778526	0.03739808578518256	0.10705423608649416	0.061857497341368306	0.07674583481035094	0.005168668815850828	0.013698026380690904	0.06925524963127677	0.009708737864077669	99.33434863987533	103.0	382.9446428970935	146646.59952358247	111.10744719635277	69.99998078970471	126.39337326480816	200.63768633954342	0.14621635534093327	0.8544293744422615	0.9260713714980728	0.10366520199481705	0.06626934546584434	193.47341918945312	5642.0	73.00321960449219	14.439337457503983	0.03739808578518256	0.10705423608649416	0.061857497341368306	0.07674583481035094	0.005168668460100889	0.013698025606572628	0.06925525516271591	0.009708737954497337	99.33434863987533	103.0	382.94464111328125	146646.609375	111.10744665480753	69.99998063096383	126.39337326480816	200.63770314030734	0.09323852537306128	0.9074499344301343	0.9203454449827728	0.0573928952535611	0.028152339566675868	122.89649060616803	2821.0	78.28101668888544	31.978324775189964	0.004608294930875576	0.060971286777738394	0.015242821694434599	0.03119461183977313	0.008136928850186477	0.01277448917116559	0.03127118155907401	0.009615384615384616	88.95613311033611	104.0	114.90906007026065	13204.092086230772	83.43358009501675	49.19847585985225	49.3805039830553	60.149288143378676	0.09323852537306128	0.9074499344301343	0.9203454449827728	0.0573928952535611	0.028152339566675868	122.89649060616803	2821.0	78.28101668888544	31.978324775189964	0.004608294930875576	0.060971286777738394	0.015242821694434599	0.03119461183977313	0.008136928850186477	0.01277448917116559	0.03127118155907401	0.009615384615384616	88.95613311033611	104.0	114.90906007026065	13204.092086230772	83.43358009501675	49.19847585985225	49.3805039830553	60.149288143378676	0.09323852643386112	0.9074499333685291	0.9203454246900239	0.0573928952535611	0.02815234000966053	122.89649200439453	2821.0	78.28103637695312	31.97832432364175	0.004608294930875576	0.060971286777738394	0.015242821694434599	0.03119461183977313	0.008136929012835026	0.012774486094713211	0.031271182000637054	0.009615384973585606	88.95613311033611	104.0	114.9090576171875	13204.091796875	83.43357999740968	49.19847477507226	49.3805039830553	60.149289089843954	66253328.0	55.0	0.19878636362362676	0.8018172725688522	0.9314023986744792	0.14993608938749853	0.10438547144139568	264.0503367600142	2821.0	68.08125391579605	9.324938104931206	0.07018787663948954	0.15313718539524993	0.10847217298830202	0.12229705778092875	0.003787156692433473	0.014688331111480634	0.10723931770347954	0.01	114.16037082493135	100.0	519.7373402199638	270126.90281892236	73.73388722936687	49.78771554890708	129.52837892790197	223.92224779459298	0.19878636362362676	0.8018172725688522	0.9314023986744792	0.14993608938749853	0.10438547144139568	264.0503367600142	2821.0	68.08125391579605	9.324938104931206	0.07018787663948954	0.15313718539524993	0.10847217298830202	0.12229705778092875	0.003787156692433473	0.014688331111480634	0.10723931770347954	0.01	114.16037082493135	100.0	519.7373402199638	270126.90281892236	73.73388722936687	49.78771554890708	129.52837892790197	223.92224779459298	0.19878635363072988	0.8018172825692778	0.9314024151617571	0.14993608938749853	0.10438547462226605	264.0503234863281	2821.0	68.08123779296875	9.324937829221662	0.07018787663948954	0.15313718539524993	0.10847217298830202	0.12229705778092875	0.003787156892940402	0.014688334427773952	0.10723932087421417	0.009999999776482582	114.16037082493135	100.0	519.7373657226562	270126.90625	73.73388814899067	49.78771643022745	129.52837892790197	223.92225461802954	COMPLETE
15	0.02676355902162354	2025-06-09 01:14:28.912508	2025-06-09 01:14:47.218221	0 days 00:00:18.305713	2.936097721356587	256	2	1	0.00010312680670880184	0.0003535107473351919	0.3736796807945534	1024	50																																																																																																																																																																																																																																				PRUNED
16	0.03899326479971641	2025-06-09 01:14:47.219223	2025-06-09 01:14:52.997523	0 days 00:00:05.778300	1.427035339267099	128	2	7	0.000682991767687612	0.0006612203473803783	0.22209835152683516	4096	150																																																																																																																																																																																																																																				PRUNED
17	0.0739099610067352	2025-06-09 01:14:52.998523	2025-06-09 01:15:38.110071	0 days 00:00:45.111548	2.1773405789980127	192	1	4	0.00016326593418133575	0.00024684141294369245	0.44183238314464646	16	100																																																																																																																																																																																																																																				PRUNED
18	0.07479617157036512	2025-06-09 01:15:38.111074	2025-06-09 01:16:03.329652	0 days 00:00:25.218578	2.634536194974938	192	2	4	0.0004277815266211917	0.0007677690675216055	0.7789745606925109	64	100																																																																																																																																																																																																																																				PRUNED
19	0.06575682382133995	2025-06-09 01:16:03.330654	2025-06-09 01:16:09.830611	0 days 00:00:06.499957	0.9772292021502482	128	1	7	0.00020707249604821405	0.0006008962114105495	0.010709406142368816	512	150																																																																																																																																																																																																																																				PRUNED
20	0.07107408720311946	2025-06-09 01:16:09.831612	2025-06-09 01:16:24.783509	0 days 00:00:14.951897	1.641516901695413	256	1	10	0.00013086486048068482	0.0003453793693945346	0.5489624076658667	256	50																																																																																																																																																																																																																																				PRUNED
21	0.06851840019226074	2025-06-09 01:16:24.784511	2025-06-09 01:22:28.731223	0 days 00:06:03.946712	1.9598710737785368	256	1	1	0.0009869313084082166	0.0009509144895483943	0.7084704275494927	32	100	0.09980387093040888	0.9008769613330025	0.9357832925042895	0.10864681659270214	0.06553012646989594	132.06043956043956	5642.0	63.544237405547904	14.59461982619888	0.03385324353066289	0.11201701524282169	0.060085076214108475	0.07798652959943282	0.0075722904098190135	0.015737068235123587	0.06851840006170594	0.010309278350515464	91.92133754734732	97.0	220.69965539758044	48708.33789261076	117.14735227728947	70.7340863416553	132.46718647517926	198.39963664935013	0.09980387093040888	0.9008769613330025	0.9357832925042895	0.10864681659270214	0.06553012646989594	132.06043956043956	5642.0	63.544237405547904	14.59461982619888	0.03385324353066289	0.11201701524282169	0.060085076214108475	0.07798652959943282	0.0075722904098190135	0.015737068235123587	0.06851840006170594	0.010309278350515464	91.92133754734732	97.0	220.69965539758044	48708.33789261076	117.14735227728947	70.7340863416553	132.46718647517926	198.39963664935013	0.09980387131057601	0.9008769609525479	0.9357832673216024	0.10864681659270214	0.06553012660086957	132.06044006347656	5642.0	63.54426193237305	14.594619798390324	0.03385324353066289	0.11201701524282169	0.060085076214108475	0.07798652959943282	0.007572290487587452	0.015737062320113182	0.06851840019226074	0.010309278033673763	91.92133754734732	97.0	220.6996612548828	48708.33984375	117.14735222781628	70.7340844381437	132.46718647517926	198.39963704588715	0.07547837083029489	0.9252235733928318	0.9288462903594839	0.05668122511030218	0.026769155619812	99.48706132577101	2821.0	70.03347863804636	33.45327837944072	0.0010634526763559022	0.06026231832683446	0.01240694789081886	0.03013115916341723	0.010051558330037447	0.014278885176735178	0.029892436509737323	0.010416666666666666	83.0257242363137	96.0	64.68863273523124	4184.61920515363	85.06774003454596	49.65290157395168	48.76818724613936	57.19402648286319	0.07547837083029489	0.9252235733928318	0.9288462903594839	0.05668122511030218	0.026769155619812	99.48706132577101	2821.0	70.03347863804636	33.45327837944072	0.0010634526763559022	0.06026231832683446	0.01240694789081886	0.03013115916341723	0.010051558330037447	0.014278885176735178	0.029892436509737323	0.010416666666666666	83.0257242363137	96.0	64.68863273523124	4184.61920515363	85.06774003454596	49.65290157395168	48.76818724613936	57.19402648286319	0.07547837023936578	0.9252235739842096	0.9288462912405819	0.05668122511030218	0.026769158140825342	99.487060546875	2821.0	70.03347778320312	33.45327556717403	0.0010634526763559022	0.06026231832683446	0.01240694789081886	0.03013115916341723	0.01005155872553587	0.01427888497710228	0.02989243902266026	0.010416666977107525	83.0257242363137	96.0	64.68862915039062	4184.619140625	85.06774008891895	49.65290162105212	48.76818724613936	57.19403186917069	1507069655.0	55.0	0.12394211789515203	0.8767179061238307	0.9420630216389964	0.16061081409171576	0.10429021381629885	164.63381779510811	2821.0	57.656283622887436	9.333202104831695	0.06664303438496987	0.16377171215880892	0.10776320453739809	0.12584190003544843	0.006074086195610983	0.01734416332729147	0.10714436361367458	0.01020408163265306	103.78215529539213	98.0	301.8443417406235	91110.00664083032	80.6216346711965	50.357574574916555	138.75017330767574	223.7179061248499	0.12394211789515203	0.8767179061238307	0.9420630216389964	0.16061081409171576	0.10429021381629885	164.63381779510811	2821.0	57.656283622887436	9.333202104831695	0.06664303438496987	0.16377171215880892	0.10776320453739809	0.12584190003544843	0.006074086195610983	0.01734416332729147	0.10714436361367458	0.01020408163265306	103.78215529539213	98.0	301.8443417406235	91110.00664083032	80.6216346711965	50.357574574916555	138.75017330767574	223.7179061248499	0.12394211923894012	0.8767179047790302	0.9420630287154271	0.16061081409171576	0.10429022090028414	164.63381958007812	2821.0	57.65627670288086	9.333201489721553	0.06664303438496987	0.16377171215880892	0.10776320453739809	0.12584190003544843	0.006074086297303438	0.017344165593385696	0.10714437067508698	0.010204081423580647	103.78215529539213	98.0	301.8443603515625	91110.015625	80.6216345475307	50.35757495318413	138.75017330767574	223.7179213210442	COMPLETE
22	0.06946343183517456	2025-06-09 01:22:28.733222	2025-06-09 01:27:52.407592	0 days 00:05:23.674370	1.5940062589674928	256	1	1	0.0006624903966120205	0.0008831327087686282	0.901287979201089	32	100	0.10400520153259825	0.896672453199461	0.9344793668172116	0.1054443500654903	0.06647819246238822	137.61963842609003	5642.0	64.81420344572899	14.396063339516258	0.03491669620701879	0.108826657213754	0.06575682382133995	0.0794044665012407	0.007266404791036126	0.015428716960740434	0.06946343430256138	0.010101010101010102	93.40393976585293	99.0	237.80604108579473	56551.713176898695	116.60061058379127	70.63552506911319	128.56259226851213	201.27001030132968	0.10400520153259825	0.896672453199461	0.9344793668172116	0.1054443500654903	0.06647819246238822	137.61963842609003	5642.0	64.81420344572899	14.396063339516258	0.03491669620701879	0.108826657213754	0.06575682382133995	0.0794044665012407	0.007266404791036126	0.015428716960740434	0.06946343430256138	0.010101010101010102	93.40393976585293	99.0	237.80604108579473	56551.713176898695	116.60061058379127	70.63552506911319	128.56259226851213	201.27001030132968	0.10400520586977394	0.8966724488590051	0.934479376797277	0.1054443500654903	0.06647818998708581	137.61964416503906	5642.0	64.81419372558594	14.396063850873904	0.03491669620701879	0.108826657213754	0.06575682382133995	0.0794044665012407	0.007266404572874308	0.015428719110786915	0.06946343183517456	0.010101010091602802	93.40393976585293	99.0	237.80604553222656	56551.71484375	116.60061001937133	70.63552582348743	128.56259226851213	201.27000280708043	0.07663238553611594	0.9240686824998772	0.9267476072310841	0.05312287439400758	0.025883945318635155	101.00815313718539	2821.0	72.06962542005351	34.470792483316	0.0014179369018078695	0.05671747607231478	0.014179369018078695	0.02729528535980149	0.009900190914706048	0.013875471034732866	0.029010067014966476	0.01020408163265306	83.0257242363137	98.0	64.2240760420258	4124.731943451913	84.96155601473131	49.540713251846185	45.70660356155968	55.30271761502048	0.07663238553611594	0.9240686824998772	0.9267476072310841	0.05312287439400758	0.025883945318635155	101.00815313718539	2821.0	72.06962542005351	34.470792483316	0.0014179369018078695	0.05671747607231478	0.014179369018078695	0.02729528535980149	0.009900190914706048	0.013875471034732866	0.029010067014966476	0.01020408163265306	83.0257242363137	98.0	64.2240760420258	4124.731943451913	84.96155601473131	49.540713251846185	45.70660356155968	55.30271761502048	0.0766323875735903	0.9240686804608559	0.9267476382381695	0.05312287439400758	0.02588394693406461	101.0081558227539	2821.0	72.06959533691406	34.4707905699655	0.0014179369018078695	0.05671747607231478	0.014179369018078695	0.02729528535980149	0.009900190867483616	0.013875477015972137	0.029010068625211712	0.010204081423580647	83.0257242363137	98.0	64.22407531738281	4124.73193359375	84.96155582725778	49.54071490937744	45.70660356155968	55.30272106648963	1807488864.0	55.0	0.13116730672773322	0.8694872738174009	0.9414157961710732	0.15776422083725786	0.1070715143154173	174.23112371499468	2821.0	58.2892021960675	9.097790197068072	0.0684154555122297	0.1609358383551932	0.1173342786246012	0.1315136476426799	0.0057395026713814275	0.017155836112429504	0.10991680159015628	0.010101010101010102	105.26475751389773	99.0	326.0335760320187	106297.8927002261	79.95671680858767	50.322977415258364	136.29102813973608	229.68420632884403	0.13116730672773322	0.8694872738174009	0.9414157961710732	0.15776422083725786	0.1070715143154173	174.23112371499468	2821.0	58.2892021960675	9.097790197068072	0.0684154555122297	0.1609358383551932	0.1173342786246012	0.1315136476426799	0.0057395026713814275	0.017155836112429504	0.10991680159015628	0.010101010101010102	105.26475751389773	99.0	326.0335760320187	106297.8927002261	79.95671680858767	50.322977415258364	136.29102813973608	229.68420632884403	0.1311673076032315	0.869487272941243	0.9414158024924706	0.15776422083725786	0.10707151896107255	174.2311248779297	2821.0	58.2891960144043	9.097789813773455	0.0684154555122297	0.1609358383551932	0.1173342786246012	0.1315136476426799	0.0057395026087760925	0.017155837267637253	0.1099168062210083	0.010101010091602802	105.26475751389773	99.0	326.0335998535156	106297.8984375	79.95671672801754	50.32297775316595	136.29102813973608	229.6842162944604	COMPLETE
23	0.072987399995327	2025-06-09 01:27:52.408592	2025-06-09 01:33:50.607471	0 days 00:05:58.198879	2.127017945759883	256	1	1	0.0006309805927290195	0.0008032688844746157	0.9927669345445314	32	150	0.09850228223404432	0.9021795344410409	0.9353673110463222	0.11078179427751003	0.07001348832939976	130.33817795108118	5642.0	63.94938497660869	13.700990291584068	0.03899326479971641	0.1141439205955335	0.06788372917405175	0.08188585607940446	0.007672349082364204	0.015637366963979066	0.07298742490272818	0.010050251256281407	94.14524087510573	99.5	194.35424519701732	37773.57262610233	117.31673499802028	70.70264309127877	135.07024927962402	211.97350582693736	0.09850241618368889	0.9021794003900881	0.9353671411508805	0.11078179427751003	0.0700134504328267	130.3383551931939	5642.0	63.94955044726665	13.700997382675036	0.03899326479971641	0.1141439205955335	0.06788372917405175	0.08188585607940446	0.007672338649031983	0.01563732650199955	0.07298738712734183	0.010050251256281407	94.14524087510573	99.5	194.35418880336053	37773.55070541231	117.31671756643433	70.70263024920418	135.07024927962402	211.9733910909109	0.09850235338252955	0.902179463238745	0.9353672427989524	0.11078179427751003	0.07001346334209348	130.33827209472656	5642.0	63.9494514465332	13.700994967131653	0.03899326479971641	0.1141439205955335	0.06788372917405175	0.08188585607940446	0.007672343403100967	0.01563735119998455	0.072987399995327	0.01005025114864111	94.14524087510573	99.5	194.35421752929688	37773.5625	117.31672573908615	70.70263793258938	135.07024927962402	211.97343017513026	0.07753332920064647	0.9231670547927232	0.9279891838852583	0.06557710190103867	0.029917059987911606	102.19567529244948	2821.0	70.86504514073346	30.27528835864405	0.0021269053527118043	0.06912442396313365	0.022686990428925913	0.03580290677064871	0.00978514988171797	0.014111329471590172	0.03303023866045143	0.01	87.47353089183052	100.0	65.62729778489683	4306.942214547525	84.87865774710626	49.607083634164624	56.42214645758856	63.91972707468013	0.07753359813905379	0.923166785650124	0.9279888058911451	0.06557710190103867	0.029916984193901684	102.19602977667493	2821.0	70.8654118714165	30.275357608118274	0.0021269053527118043	0.06912442396313365	0.022686990428925913	0.03580290677064871	0.009785115940269516	0.014111256445026733	0.033030163109678747	0.01	87.47353089183052	100.0	65.62711577733057	4306.918325251151	84.87863300135473	49.60706342791017	56.42214645758856	63.91956513589235	0.07753346492352267	0.9231669189667993	0.9279889967027407	0.06557710190103867	0.029917021955041232	102.19585418701172	2821.0	70.86522674560547	30.275323107475494	0.0021269053527118043	0.06912442396313365	0.022686990428925913	0.03580290677064871	0.009785132482647896	0.014111293479800224	0.033030200749635696	0.009999999776482582	87.47353089183052	100.0	65.62720489501953	4306.93017578125	84.87864525887669	49.60707362803636	56.42214645758856	63.919645815001026	657602633.0	60.0	0.11930982020157353	0.8813536938011229	0.9420095039836661	0.15598510005322164	0.11010900272726735	158.48068060971286	2821.0	57.70861827244973	8.853897409201233	0.07585962424672102	0.15916341722793337	0.1130804679191776	0.12796880538816022	0.006309917373857572	0.017328434295184	0.11294461114500495	0.010101010101010102	105.26475751389773	99.0	263.92461447518485	69656.20212587494	81.04793459951016	50.35471381161574	134.75406240977378	236.20006742943167	0.11930982020157353	0.8813536938011229	0.9420095039836661	0.15598510005322164	0.11010900272726735	158.48068060971286	2821.0	57.70861827244973	8.853897409201233	0.07585962424672102	0.15916341722793337	0.1130804679191776	0.12796880538816022	0.006309917373857572	0.017328434295184	0.11294461114500495	0.010101010101010102	105.26475751389773	99.0	263.92461447518485	69656.20212587494	81.04793459951016	50.35471381161574	134.75406240977378	236.20006742943167	0.11930982152907328	0.8813536924726231	0.9420095001935763	0.15598510005322164	0.11010900947122157	158.48068237304688	2821.0	57.708621978759766	8.853896882217166	0.07585962424672102	0.15916341722793337	0.1130804679191776	0.12796880538816022	0.006309917196631432	0.017328433692455292	0.11294461786746979	0.010101010091602802	105.26475751389773	99.0	263.92462158203125	69656.203125	81.04793447734335	50.35471360901811	134.75406240977378	236.20008189620918	COMPLETE
24	0.07196029776674938	2025-06-09 01:33:50.608471	2025-06-09 01:34:20.918226	0 days 00:00:30.309755	2.15132423005039	256	1	1	0.0006302261646427628	0.0007704472331074246	0.9735787442631748	2048	150																																																																																																																																																																																																																																				PRUNED
25	0.06983339241403758	2025-06-09 01:34:20.919227	2025-06-09 01:34:49.769329	0 days 00:00:28.850102	2.6037522913580164	192	1	4	0.00040701552222099566	0.0005735393226191852	0.8466678116443466	32	150																																																																																																																																																																																																																																				PRUNED
26	0.0743057057261467	2025-06-09 01:34:49.770328	2025-06-09 01:45:01.184834	0 days 00:10:11.414506	2.3473742815086323	256	2	7	0.0005755273099202266	0.00041813482363265044	0.6144664828364607	128	150	0.12381112992954783	0.876851545272358	0.9315796382533452	0.1054443500654903	0.0713359952551038	163.8268344558667	5642.0	67.63841102009295	13.457917278797693	0.04218362282878412	0.108826657213754	0.0684154555122297	0.08419000354484225	0.006104006119152537	0.014784498703006726	0.07430570267922901	0.009900990099009901	94.88654198435853	101.0	329.1249782330828	108323.25129692722	114.02315885280647	70.41634008018805	128.56259226851213	215.9775404238562	0.12381112992954783	0.876851545272358	0.9315796382533452	0.1054443500654903	0.0713359952551038	163.8268344558667	5642.0	67.63841102009295	13.457917278797693	0.04218362282878412	0.108826657213754	0.0684154555122297	0.08419000354484225	0.006104006119152537	0.014784498703006726	0.07430570267922901	0.009900990099009901	94.88654198435853	101.0	329.1249782330828	108323.25129692722	114.02315885280647	70.41634008018805	128.56259226851213	215.9775404238562	0.12381112505278008	0.876851550152814	0.9315796289255225	0.1054443500654903	0.07133599831179627	163.8268280029297	5642.0	67.63842010498047	13.457916726953579	0.04218362282878412	0.108826657213754	0.0684154555122297	0.08419000354484225	0.006104006431996822	0.014784496277570724	0.0743057057261467	0.009900989942252636	94.88654198435853	101.0	329.1249694824219	108323.2421875	114.02315948744643	70.4163393751156	128.56259226851213	215.9775496783275	0.14216648981725233	0.8584848213666927	0.9171542359666577	0.05810456539682001	0.03453799040834047	187.38780574264445	2821.0	81.3771343833321	26.570065245783926	0.011697979439914925	0.061680255228642324	0.025168380007089684	0.037575327897908545	0.005336526547375152	0.012288464168441189	0.037636339645747675	0.009433962264150943	87.47353089183052	106.0	424.1271294752746	179883.82195693636	78.93158551918846	49.02788489251604	49.99282071997123	73.79264277643182	0.14216648981725233	0.8584848213666927	0.9171542359666577	0.05810456539682001	0.03453799040834047	187.38780574264445	2821.0	81.3771343833321	26.570065245783926	0.011697979439914925	0.061680255228642324	0.025168380007089684	0.037575327897908545	0.005336526547375152	0.012288464168441189	0.037636339645747675	0.009433962264150943	87.47353089183052	106.0	424.1271294752746	179883.82195693636	78.93158551918846	49.02788489251604	49.99282071997123	73.79264277643182	0.14216648707189414	0.8584848241141353	0.9171542104716395	0.05810456539682001	0.03453799042711227	187.38780212402344	2821.0	81.37715911865234	26.570065232574162	0.011697979439914925	0.061680255228642324	0.025168380007089684	0.037575327897908545	0.005336526781320572	0.01228846050798893	0.03763633966445923	0.009433962404727936	87.47353089183052	106.0	424.12713623046875	179883.828125	78.9315857717963	49.02788352964079	49.99282071997123	73.79264281653897	1335978358.0	145.0	0.1055970661580871	0.8950767790649773	0.9435326245478824	0.15278268264195644	0.10813316134132983	140.265863169089	2821.0	56.21916623129568	9.011033186398615	0.07266926621765331	0.15597305919886564	0.11166253101736973	0.13080467919177596	0.007129318405822739	0.01778752811604892	0.11097506571271035	0.010416666666666666	105.26475751389773	96.0	188.8185422594013	35652.44190096532	82.30988848339476	50.43613156779267	131.98752409584162	231.9615959418252	0.1055970661580871	0.8950767790649773	0.9435326245478824	0.15278268264195644	0.10813316134132983	140.265863169089	2821.0	56.21916623129568	9.011033186398615	0.07266926621765331	0.15597305919886564	0.11166253101736973	0.13080467919177596	0.007129318405822739	0.01778752811604892	0.11097506571271035	0.010416666666666666	105.26475751389773	96.0	188.8185422594013	35652.44190096532	82.30988848339476	50.43613156779267	131.98752409584162	231.9615959418252	0.10559707065366906	0.8950767745660084	0.9435326210859531	0.15278268264195644	0.10813316743587371	140.265869140625	2821.0	56.21916961669922	9.011032693106369	0.07266926621765331	0.15597305919886564	0.11166253101736973	0.13080467919177596	0.007129318080842495	0.017787527292966843	0.11097507178783417	0.010416666977107525	105.26475751389773	96.0	188.81854248046875	35652.44140625	82.30988806967648	50.436131382736725	131.98752409584162	231.96160901552165	COMPLETE
27	0.07187119126319885	2025-06-09 01:45:01.186414	2025-06-09 01:48:32.824228	0 days 00:03:31.637814	2.7616900502451887	192	2	4	0.000783892040898085	0.00042253433331791045	0.652284335077252	128	150	0.12390610022755365	0.8767565031468461	0.9304544499653613	0.10597809448669226	0.06889366970220681	163.95249911378943	5642.0	68.73429472628125	13.913781559607525	0.0402339595887983	0.10935838355193193	0.06327543424317618	0.07958170861396668	0.0060993275821063335	0.014548778073336948	0.07187118726249485	0.009708737864077669	96.36914420286412	103.0	308.5976902583413	95232.53443278314	114.01079985836394	70.33128922904507	129.2133579696233	208.58313225806722	0.12390623417719823	0.8767563690958933	0.9304544412212975	0.10597809448669226	0.06889366961531433	163.95267635590216	5642.0	68.73430324261324	13.913781576375536	0.0402339595887983	0.10935838355193193	0.06327543424317618	0.07958170861396668	0.006099320988388372	0.01454877627071121	0.07187118717588023	0.009708737864077669	96.36914420286412	103.0	308.59841769500633	95232.98340386158	114.01078242677798	70.33128856809785	129.2133579696233	208.58313199499068	0.12390616962645246	0.8767564336954597	0.9304544380457573	0.10597809448669226	0.06889367371574542	163.9525909423828	5642.0	68.73430633544922	13.913780785098007	0.0402339595887983	0.10935838355193193	0.06327543424317618	0.07958170861396668	0.006099324207752943	0.014548775739967823	0.07187119126319885	0.009708737954497337	96.36914420286412	103.0	308.5980529785156	95232.75	114.01079082711288	70.33128832806477	129.2133579696233	208.58314440949502	0.1301538179773761	0.8705066138429459	0.9183540116220708	0.06450959668615029	0.032714621146019	171.55405884438142	2821.0	80.2131095208639	27.918282803290722	0.007444168734491315	0.06806097128677774	0.02445941155618575	0.03899326479971641	0.005829066398872621	0.012466790104177351	0.035818821918450164	0.009259259259259259	90.43873532884172	108.0	367.3841631897688	134971.12336264667	80.03690400277293	49.09202073840072	55.50367135221465	69.89689681573105	0.13015408691578342	0.8705063447003467	0.9183539911344152	0.06450959668615029	0.03271462097223204	171.55441332860687	2821.0	80.21312939803042	27.918282938310888	0.007444168734491315	0.06806097128677774	0.02445941155618575	0.03899326479971641	0.0058290543542271495	0.01246678701485189	0.03581882174522091	0.009259259259259259	90.43873532884172	108.0	367.38537792823854	134972.01591547468	80.0368792570214	49.0920196432017	55.50367135221465	69.896896444424	0.13015394762886598	0.8705064840930179	0.9183539698745317	0.06450959668615029	0.032714621911930634	171.55422973632812	2821.0	80.21315002441406	27.918282208231645	0.007444168734491315	0.06806097128677774	0.02445941155618575	0.03899326479971641	0.005829060450196266	0.01246678363531828	0.03581882268190384	0.009259259328246117	90.43873532884172	108.0	367.3847961425781	134971.578125	80.03689207318806	49.092018506722056	55.50367135221465	69.89689845215062	1643012976.0	60.0	0.11770647623665709	0.8829582457290623	0.9407930895060992	0.1474453202898478	0.10507189360612523	156.35093938319744	2821.0	58.898143953519835	9.265818033675496	0.07302375044310529	0.15065579581708613	0.10209145693016661	0.12017015242821695	0.006395868192061959	0.016978463715073295	0.10792355260653953	0.010416666666666666	105.26475751389773	96.0	235.32611007332807	55378.37808224412	81.19548673508501	50.289690897690605	127.37662690595472	225.39472468184417	0.11770647623665709	0.8829582457290623	0.9407930895060992	0.1474453202898478	0.10507189360612523	156.35093938319744	2821.0	58.898143953519835	9.265818033675496	0.07302375044310529	0.15065579581708613	0.10209145693016661	0.12017015242821695	0.006395868192061959	0.016978463715073295	0.10792355260653953	0.010416666666666666	105.26475751389773	96.0	235.32611007332807	55378.37808224412	81.19548673508501	50.289690897690605	127.37662690595472	225.39472468184417	0.11770647435942586	0.8829582476077079	0.9407930662899324	0.1474453202898478	0.10507189339281928	156.35093688964844	2821.0	58.89816665649414	9.265818051930605	0.07302375044310529	0.15065579581708613	0.10209145693016661	0.12017015242821695	0.006395868491381407	0.01697845757007599	0.10792355239391327	0.010416666977107525	105.26475751389773	96.0	235.32611083984375	55378.375	81.19548690784238	50.289689656680366	127.37662690595472	225.39472422427139	COMPLETE
28	0.07196029776674938	2025-06-09 01:48:32.825229	2025-06-09 01:48:51.961803	0 days 00:00:19.136574	2.766637005342015	192	2	1	0.000815223106749818	0.0004047863177566601	0.6261004751869519	128	150																																																																																																																																																																																																																																				PRUNED
29	0.07745480326125487	2025-06-09 01:48:51.962805	2025-06-09 01:54:09.282107	0 days 00:05:17.319302	2.3795510344131383	256	2	7	0.0005713849677113276	0.00029585199726557895	0.7564668138159397	128	150																																																																																																																																																																																																																																				PRUNED
