number	value	datetime_start	datetime_complete	duration	params_loss.margin	params_model.embedding_dim	params_model.hidden_dropout_rate	params_model.num_filters	params_negative_sampler.num_negs_per_pos	params_optimizer.lr	params_optimizer.weight_decay	params_regularizer.weight	params_training.batch_size	params_training.num_epochs	user_attrs_both.optimistic.adjusted_arithmetic_mean_rank	user_attrs_both.optimistic.adjusted_arithmetic_mean_rank_index	user_attrs_both.optimistic.adjusted_geometric_mean_rank_index	user_attrs_both.optimistic.adjusted_hits_at_k	user_attrs_both.optimistic.adjusted_inverse_harmonic_mean_rank	user_attrs_both.optimistic.arithmetic_mean_rank	user_attrs_both.optimistic.count	user_attrs_both.optimistic.geometric_mean_rank	user_attrs_both.optimistic.harmonic_mean_rank	user_attrs_both.optimistic.hits_at_1	user_attrs_both.optimistic.hits_at_10	user_attrs_both.optimistic.hits_at_3	user_attrs_both.optimistic.hits_at_5	user_attrs_both.optimistic.inverse_arithmetic_mean_rank	user_attrs_both.optimistic.inverse_geometric_mean_rank	user_attrs_both.optimistic.inverse_harmonic_mean_rank	user_attrs_both.optimistic.inverse_median_rank	user_attrs_both.optimistic.median_absolute_deviation	user_attrs_both.optimistic.median_rank	user_attrs_both.optimistic.standard_deviation	user_attrs_both.optimistic.variance	user_attrs_both.optimistic.z_arithmetic_mean_rank	user_attrs_both.optimistic.z_geometric_mean_rank	user_attrs_both.optimistic.z_hits_at_k	user_attrs_both.optimistic.z_inverse_harmonic_mean_rank	user_attrs_both.pessimistic.adjusted_arithmetic_mean_rank	user_attrs_both.pessimistic.adjusted_arithmetic_mean_rank_index	user_attrs_both.pessimistic.adjusted_geometric_mean_rank_index	user_attrs_both.pessimistic.adjusted_hits_at_k	user_attrs_both.pessimistic.adjusted_inverse_harmonic_mean_rank	user_attrs_both.pessimistic.arithmetic_mean_rank	user_attrs_both.pessimistic.count	user_attrs_both.pessimistic.geometric_mean_rank	user_attrs_both.pessimistic.harmonic_mean_rank	user_attrs_both.pessimistic.hits_at_1	user_attrs_both.pessimistic.hits_at_10	user_attrs_both.pessimistic.hits_at_3	user_attrs_both.pessimistic.hits_at_5	user_attrs_both.pessimistic.inverse_arithmetic_mean_rank	user_attrs_both.pessimistic.inverse_geometric_mean_rank	user_attrs_both.pessimistic.inverse_harmonic_mean_rank	user_attrs_both.pessimistic.inverse_median_rank	user_attrs_both.pessimistic.median_absolute_deviation	user_attrs_both.pessimistic.median_rank	user_attrs_both.pessimistic.standard_deviation	user_attrs_both.pessimistic.variance	user_attrs_both.pessimistic.z_arithmetic_mean_rank	user_attrs_both.pessimistic.z_geometric_mean_rank	user_attrs_both.pessimistic.z_hits_at_k	user_attrs_both.pessimistic.z_inverse_harmonic_mean_rank	user_attrs_both.realistic.adjusted_arithmetic_mean_rank	user_attrs_both.realistic.adjusted_arithmetic_mean_rank_index	user_attrs_both.realistic.adjusted_geometric_mean_rank_index	user_attrs_both.realistic.adjusted_hits_at_k	user_attrs_both.realistic.adjusted_inverse_harmonic_mean_rank	user_attrs_both.realistic.arithmetic_mean_rank	user_attrs_both.realistic.count	user_attrs_both.realistic.geometric_mean_rank	user_attrs_both.realistic.harmonic_mean_rank	user_attrs_both.realistic.hits_at_1	user_attrs_both.realistic.hits_at_10	user_attrs_both.realistic.hits_at_3	user_attrs_both.realistic.hits_at_5	user_attrs_both.realistic.inverse_arithmetic_mean_rank	user_attrs_both.realistic.inverse_geometric_mean_rank	user_attrs_both.realistic.inverse_harmonic_mean_rank	user_attrs_both.realistic.inverse_median_rank	user_attrs_both.realistic.median_absolute_deviation	user_attrs_both.realistic.median_rank	user_attrs_both.realistic.standard_deviation	user_attrs_both.realistic.variance	user_attrs_both.realistic.z_arithmetic_mean_rank	user_attrs_both.realistic.z_geometric_mean_rank	user_attrs_both.realistic.z_hits_at_k	user_attrs_both.realistic.z_inverse_harmonic_mean_rank	user_attrs_head.optimistic.adjusted_arithmetic_mean_rank	user_attrs_head.optimistic.adjusted_arithmetic_mean_rank_index	user_attrs_head.optimistic.adjusted_geometric_mean_rank_index	user_attrs_head.optimistic.adjusted_hits_at_k	user_attrs_head.optimistic.adjusted_inverse_harmonic_mean_rank	user_attrs_head.optimistic.arithmetic_mean_rank	user_attrs_head.optimistic.count	user_attrs_head.optimistic.geometric_mean_rank	user_attrs_head.optimistic.harmonic_mean_rank	user_attrs_head.optimistic.hits_at_1	user_attrs_head.optimistic.hits_at_10	user_attrs_head.optimistic.hits_at_3	user_attrs_head.optimistic.hits_at_5	user_attrs_head.optimistic.inverse_arithmetic_mean_rank	user_attrs_head.optimistic.inverse_geometric_mean_rank	user_attrs_head.optimistic.inverse_harmonic_mean_rank	user_attrs_head.optimistic.inverse_median_rank	user_attrs_head.optimistic.median_absolute_deviation	user_attrs_head.optimistic.median_rank	user_attrs_head.optimistic.standard_deviation	user_attrs_head.optimistic.variance	user_attrs_head.optimistic.z_arithmetic_mean_rank	user_attrs_head.optimistic.z_geometric_mean_rank	user_attrs_head.optimistic.z_hits_at_k	user_attrs_head.optimistic.z_inverse_harmonic_mean_rank	user_attrs_head.pessimistic.adjusted_arithmetic_mean_rank	user_attrs_head.pessimistic.adjusted_arithmetic_mean_rank_index	user_attrs_head.pessimistic.adjusted_geometric_mean_rank_index	user_attrs_head.pessimistic.adjusted_hits_at_k	user_attrs_head.pessimistic.adjusted_inverse_harmonic_mean_rank	user_attrs_head.pessimistic.arithmetic_mean_rank	user_attrs_head.pessimistic.count	user_attrs_head.pessimistic.geometric_mean_rank	user_attrs_head.pessimistic.harmonic_mean_rank	user_attrs_head.pessimistic.hits_at_1	user_attrs_head.pessimistic.hits_at_10	user_attrs_head.pessimistic.hits_at_3	user_attrs_head.pessimistic.hits_at_5	user_attrs_head.pessimistic.inverse_arithmetic_mean_rank	user_attrs_head.pessimistic.inverse_geometric_mean_rank	user_attrs_head.pessimistic.inverse_harmonic_mean_rank	user_attrs_head.pessimistic.inverse_median_rank	user_attrs_head.pessimistic.median_absolute_deviation	user_attrs_head.pessimistic.median_rank	user_attrs_head.pessimistic.standard_deviation	user_attrs_head.pessimistic.variance	user_attrs_head.pessimistic.z_arithmetic_mean_rank	user_attrs_head.pessimistic.z_geometric_mean_rank	user_attrs_head.pessimistic.z_hits_at_k	user_attrs_head.pessimistic.z_inverse_harmonic_mean_rank	user_attrs_head.realistic.adjusted_arithmetic_mean_rank	user_attrs_head.realistic.adjusted_arithmetic_mean_rank_index	user_attrs_head.realistic.adjusted_geometric_mean_rank_index	user_attrs_head.realistic.adjusted_hits_at_k	user_attrs_head.realistic.adjusted_inverse_harmonic_mean_rank	user_attrs_head.realistic.arithmetic_mean_rank	user_attrs_head.realistic.count	user_attrs_head.realistic.geometric_mean_rank	user_attrs_head.realistic.harmonic_mean_rank	user_attrs_head.realistic.hits_at_1	user_attrs_head.realistic.hits_at_10	user_attrs_head.realistic.hits_at_3	user_attrs_head.realistic.hits_at_5	user_attrs_head.realistic.inverse_arithmetic_mean_rank	user_attrs_head.realistic.inverse_geometric_mean_rank	user_attrs_head.realistic.inverse_harmonic_mean_rank	user_attrs_head.realistic.inverse_median_rank	user_attrs_head.realistic.median_absolute_deviation	user_attrs_head.realistic.median_rank	user_attrs_head.realistic.standard_deviation	user_attrs_head.realistic.variance	user_attrs_head.realistic.z_arithmetic_mean_rank	user_attrs_head.realistic.z_geometric_mean_rank	user_attrs_head.realistic.z_hits_at_k	user_attrs_head.realistic.z_inverse_harmonic_mean_rank	user_attrs_random_seed	user_attrs_stopped_epoch	user_attrs_tail.optimistic.adjusted_arithmetic_mean_rank	user_attrs_tail.optimistic.adjusted_arithmetic_mean_rank_index	user_attrs_tail.optimistic.adjusted_geometric_mean_rank_index	user_attrs_tail.optimistic.adjusted_hits_at_k	user_attrs_tail.optimistic.adjusted_inverse_harmonic_mean_rank	user_attrs_tail.optimistic.arithmetic_mean_rank	user_attrs_tail.optimistic.count	user_attrs_tail.optimistic.geometric_mean_rank	user_attrs_tail.optimistic.harmonic_mean_rank	user_attrs_tail.optimistic.hits_at_1	user_attrs_tail.optimistic.hits_at_10	user_attrs_tail.optimistic.hits_at_3	user_attrs_tail.optimistic.hits_at_5	user_attrs_tail.optimistic.inverse_arithmetic_mean_rank	user_attrs_tail.optimistic.inverse_geometric_mean_rank	user_attrs_tail.optimistic.inverse_harmonic_mean_rank	user_attrs_tail.optimistic.inverse_median_rank	user_attrs_tail.optimistic.median_absolute_deviation	user_attrs_tail.optimistic.median_rank	user_attrs_tail.optimistic.standard_deviation	user_attrs_tail.optimistic.variance	user_attrs_tail.optimistic.z_arithmetic_mean_rank	user_attrs_tail.optimistic.z_geometric_mean_rank	user_attrs_tail.optimistic.z_hits_at_k	user_attrs_tail.optimistic.z_inverse_harmonic_mean_rank	user_attrs_tail.pessimistic.adjusted_arithmetic_mean_rank	user_attrs_tail.pessimistic.adjusted_arithmetic_mean_rank_index	user_attrs_tail.pessimistic.adjusted_geometric_mean_rank_index	user_attrs_tail.pessimistic.adjusted_hits_at_k	user_attrs_tail.pessimistic.adjusted_inverse_harmonic_mean_rank	user_attrs_tail.pessimistic.arithmetic_mean_rank	user_attrs_tail.pessimistic.count	user_attrs_tail.pessimistic.geometric_mean_rank	user_attrs_tail.pessimistic.harmonic_mean_rank	user_attrs_tail.pessimistic.hits_at_1	user_attrs_tail.pessimistic.hits_at_10	user_attrs_tail.pessimistic.hits_at_3	user_attrs_tail.pessimistic.hits_at_5	user_attrs_tail.pessimistic.inverse_arithmetic_mean_rank	user_attrs_tail.pessimistic.inverse_geometric_mean_rank	user_attrs_tail.pessimistic.inverse_harmonic_mean_rank	user_attrs_tail.pessimistic.inverse_median_rank	user_attrs_tail.pessimistic.median_absolute_deviation	user_attrs_tail.pessimistic.median_rank	user_attrs_tail.pessimistic.standard_deviation	user_attrs_tail.pessimistic.variance	user_attrs_tail.pessimistic.z_arithmetic_mean_rank	user_attrs_tail.pessimistic.z_geometric_mean_rank	user_attrs_tail.pessimistic.z_hits_at_k	user_attrs_tail.pessimistic.z_inverse_harmonic_mean_rank	user_attrs_tail.realistic.adjusted_arithmetic_mean_rank	user_attrs_tail.realistic.adjusted_arithmetic_mean_rank_index	user_attrs_tail.realistic.adjusted_geometric_mean_rank_index	user_attrs_tail.realistic.adjusted_hits_at_k	user_attrs_tail.realistic.adjusted_inverse_harmonic_mean_rank	user_attrs_tail.realistic.arithmetic_mean_rank	user_attrs_tail.realistic.count	user_attrs_tail.realistic.geometric_mean_rank	user_attrs_tail.realistic.harmonic_mean_rank	user_attrs_tail.realistic.hits_at_1	user_attrs_tail.realistic.hits_at_10	user_attrs_tail.realistic.hits_at_3	user_attrs_tail.realistic.hits_at_5	user_attrs_tail.realistic.inverse_arithmetic_mean_rank	user_attrs_tail.realistic.inverse_geometric_mean_rank	user_attrs_tail.realistic.inverse_harmonic_mean_rank	user_attrs_tail.realistic.inverse_median_rank	user_attrs_tail.realistic.median_absolute_deviation	user_attrs_tail.realistic.median_rank	user_attrs_tail.realistic.standard_deviation	user_attrs_tail.realistic.variance	user_attrs_tail.realistic.z_arithmetic_mean_rank	user_attrs_tail.realistic.z_geometric_mean_rank	user_attrs_tail.realistic.z_hits_at_k	user_attrs_tail.realistic.z_inverse_harmonic_mean_rank	state
0	0.06410911679267883	2025-06-11 00:54:39.835965	2025-06-11 00:55:09.159985	0 days 00:00:29.324020	2.2701901527094366	256	0.5	64	7	0.00038849047344267104	0.00015777139214832268	0.12954536149969573	512	150	0.518311296148498	0.4851857683924383	0.6411161422140448	0.15185665834820222	0.04257397873413718	71.91095890410959	438.0	37.611361134091396	15.598404815710422	0.0045662100456621	0.182648401826484	0.04794520547945205	0.1050228310502283	0.013906086293932755	0.02658771099601572	0.06410911960643685	0.023529411764705882	54.11498097545447	42.5	68.94153315714463	4752.934994057672	17.492133449301107	13.835254550039046	16.375317004154564	11.796320098530071	0.518311296148498	0.4851857683924383	0.6411161422140448	0.15185665834820222	0.04257397873413718	71.91095890410959	438.0	37.611361134091396	15.598404815710422	0.0045662100456621	0.182648401826484	0.04794520547945205	0.1050228310502283	0.013906086293932755	0.02658771099601572	0.06410911960643685	0.023529411764705882	54.11498097545447	42.5	68.94153315714463	4752.934994057672	17.492133449301107	13.835254550039046	16.375317004154564	11.796320098530071	0.5183112848491322	0.4851857797738376	0.6411160918498248	0.15185665834820222	0.0425739758556337	71.91095733642578	438.0	37.611366271972656	15.598405500326571	0.0045662100456621	0.182648401826484	0.04794520547945205	0.1050228310502283	0.013906086795032024	0.026587707921862602	0.06410911679267883	0.0235294122248888	54.11498097545447	42.5	68.94153594970703	4752.935546875	17.49213385962838	13.835253463181676	16.375317004154564	11.796319300959599	0.8639040917383373	0.1371395556489312	0.13377079240855683	0.007693263420384171	-0.0007606821900733411	113.52054794520548	219.0	84.85586202994749	43.92397312537836	0.0	0.045662100456621	0.0091324200913242	0.0182648401826484	0.008808977917219742	0.011784689661712212	0.022766610778709832	0.009615384615384616	85.99092867332492	104.0	67.69663250611357	4582.834052667792	3.4985328776171123	2.0459943883250276	0.5708008543801055	-0.1452665044093271	0.8639040917383373	0.1371395556489312	0.13377079240855683	0.007693263420384171	-0.0007606821900733411	113.52054794520548	219.0	84.85586202994749	43.92397312537836	0.0	0.045662100456621	0.0091324200913242	0.0182648401826484	0.008808977917219742	0.011784689661712212	0.022766610778709832	0.009615384615384616	85.99092867332492	104.0	67.69663250611357	4582.834052667792	3.4985328776171123	2.0459943883250276	0.5708008543801055	-0.1452665044093271	0.8639040766266879	0.13713957087646378	0.13377067797344644	0.007693263420384171	-0.0007606823654001567	113.52054595947266	219.0	84.85587310791016	43.923973455686784	0.0	0.045662100456621	0.0091324200913242	0.0182648401826484	0.008808977901935577	0.01178468856960535	0.022766610607504845	0.009615384973585606	85.99092867332492	104.0	67.6966323852539	4582.833984375	3.498533266082884	2.0459926380655773	0.5708008543801055	-0.1452665378912652	362586219.0	60.0	0.20743334062705132	0.7980297116958327	0.8545354520216573	0.2954353327213964	0.08581859228400271	30.301369863013697	219.0	16.670792712703694	9.483020934326541	0.0091324200913242	0.319634703196347	0.0867579908675799	0.1917808219178082	0.03300180831826401	0.05998514991059586	0.10545162843416388	0.058823529411764705	16.30862440356162	17.0	38.214135278843834	1460.3201351097769	20.384786925618336	13.044584173253174	23.182147905630668	17.272100117485223	0.20743334062705132	0.7980297116958327	0.8545354520216573	0.2954353327213964	0.08581859228400271	30.301369863013697	219.0	16.670792712703694	9.483020934326541	0.0091324200913242	0.319634703196347	0.0867579908675799	0.1917808219178082	0.03300180831826401	0.05998514991059586	0.10545162843416388	0.058823529411764705	16.30862440356162	17.0	38.214135278843834	1460.3201351097769	20.384786925618336	13.044584173253174	23.182147905630668	17.272100117485223	0.2074333458141143	0.798029706473016	0.8545354089941881	0.2954353327213964	0.08581859241851594	30.30137062072754	219.0	16.67079734802246	9.483020922489864	0.0091324200913242	0.319634703196347	0.0867579908675799	0.1917808219178082	0.03300180658698082	0.05998513475060463	0.10545162856578827	0.05882352963089943	16.30862440356162	17.0	38.214134216308594	1460.3201904296875	20.384786792207258	13.044583516433798	23.182147905630668	17.272100144557747	COMPLETE
1	0.06753420829772949	2025-06-11 00:55:09.161984	2025-06-11 00:57:36.416726	0 days 00:02:27.254742	2.3273053464889175	192	0.5	128	1	0.0007229716191030065	0.0002634874543880459	0.74562051926322	32	50	0.5203189152274617	0.48316357397999354	0.6486128407628793	0.13527284999188216	0.04607787649103175	72.18949771689498	438.0	36.846589100102356	14.807311329569254	0.01141552511415525	0.16666666666666666	0.04337899543378995	0.07534246575342465	0.013852430500648345	0.027139554146606806	0.06753420507901822	0.028985507246376812	42.254163227409656	34.5	69.75697002358258	4866.034866870999	17.41922839555208	13.997032932891564	14.58701794684093	12.767173675334902	0.5203189152274617	0.48316357397999354	0.6486128407628793	0.13527284999188216	0.04607787649103175	72.18949771689498	438.0	36.846589100102356	14.807311329569254	0.01141552511415525	0.16666666666666666	0.04337899543378995	0.07534246575342465	0.013852430500648345	0.027139554146606806	0.06753420507901822	0.028985507246376812	42.254163227409656	34.5	69.75697002358258	4866.034866870999	17.41922839555208	13.997032932891564	14.58701794684093	12.767173675334902	0.5203189237647602	0.48316356538071414	0.6486128128319455	0.13527284999188216	0.04607787978380656	72.18949890136719	438.0	36.84659194946289	14.807310623846021	0.01141552511415525	0.16666666666666666	0.04337899543378995	0.07534246575342465	0.013852430507540703	0.02713955193758011	0.06753420829772949	0.028985507786273956	42.254163227409656	34.5	69.75697326660156	4866.03515625	17.419228085527024	13.9970323301434	14.58701794684093	12.76717458769092	0.9746850838328556	0.025509042841886043	-0.0872300843735323	-0.006550373946787348	-0.008553963557348835	128.07762557077626	219.0	106.2499905926004	65.97809787518574	0.0	0.0319634703196347	0.0	0.0045662100456621	0.00780776498270883	0.009411765539202253	0.015156544856624285	0.0072992700729927005	69.68230426976329	137.0	58.17944530114824	3384.8478555493	0.6507548069306957	-1.3341646551384976	-0.4860042924604149	-1.6335394742198912	0.9746850838328556	0.025509042841886043	-0.0872300843735323	-0.006550373946787348	-0.008553963557348835	128.07762557077626	219.0	106.2499905926004	65.97809787518574	0.0	0.0319634703196347	0.0	0.0045662100456621	0.00780776498270883	0.009411765539202253	0.015156544856624285	0.0072992700729927005	69.68230426976329	137.0	58.17944530114824	3384.8478555493	0.6507548069306957	-1.3341646551384976	-0.4860042924604149	-1.6335394742198912	0.9746850525490902	0.025509074365549944	-0.08723018155176288	-0.006550373946787348	-0.00855396271794832	128.07762145996094	219.0	106.25	65.97809430708709	0.0	0.0319634703196347	0.0	0.0045662100456621	0.007807765156030655	0.009411764331161976	0.015156545676290989	0.007299270015209913	69.68230426976329	137.0	58.179443359375	3384.84765625	0.6507556111229924	-1.3341661414578283	-0.4860042924604149	-1.6335393139206489	1878447754.0		0.11159388578037571	0.8945297746443408	0.8906696390599582	0.27652084500921914	0.1005961941615496	16.301369863013697	219.0	12.778082339014674	8.339458297028287	0.0228310502283105	0.3013698630136986	0.0867579908675799	0.1461187214611872	0.061344537815126055	0.07825900424406802	0.11991186530141217	0.0625	8.895613311033612	16.0	10.01280221362319	100.25620816913742	22.849774372431426	13.596176787975079	21.69797047951209	20.246283360676294	0.11159388578037571	0.8945297746443408	0.8906696390599582	0.27652084500921914	0.1005961941615496	16.301369863013697	219.0	12.778082339014674	8.339458297028287	0.0228310502283105	0.3013698630136986	0.0867579908675799	0.1461187214611872	0.061344537815126055	0.07825900424406802	0.11991186530141217	0.0625	8.895613311033612	16.0	10.01280221362319	100.25620816913742	22.849774372431426	13.596176787975079	21.69797047951209	20.246283360676294	0.11159389096743867	0.8945297694215242	0.8906696254865387	0.27652084500921914	0.10059620085436344	16.30137062072754	219.0	12.778083801269531	8.339457841562407	0.0228310502283105	0.3013698630136986	0.0867579908675799	0.1461187214611872	0.061344534158706665	0.07825899869203568	0.11991187185049057	0.0625	8.895613311033612	16.0	10.012802124023438	100.25621032714844	22.849774239020345	13.596176580775236	21.69797047951209	20.246284707691522	COMPLETE
2	0.04931139945983887	2025-06-11 00:57:36.417712	2025-06-11 00:57:58.830967	0 days 00:00:22.413255	2.3627887274457753	128	0.5	64	4	0.00021373471367542565	0.0006250435024378431	0.8736075916869982	64	50	0.7913310349934588	0.2101839036639842	0.3484267862875716	0.04287734629238464	0.027435756755186825	109.78995433789954	438.0	67.46992255292176	20.279287228603312	0.0182648401826484	0.0776255707762557	0.0319634703196347	0.0547945205479452	0.00910830144734653	0.014821419117765022	0.04931139781823943	0.01020408163265306	105.26475751389773	98.0	79.22790482936477	6277.060903650883	7.577643721840786	7.519032766345786	4.623637484664973	7.601849262213469	0.7913310349934588	0.2101839036639842	0.3484267862875716	0.04287734629238464	0.027435756755186825	109.78995433789954	438.0	67.46992255292176	20.279287228603312	0.0182648401826484	0.0776255707762557	0.0319634703196347	0.0547945205479452	0.00910830144734653	0.014821419117765022	0.04931139781823943	0.01020408163265306	105.26475751389773	98.0	79.22790482936477	6277.060903650883	7.577643721840786	7.519032766345786	4.623637484664973	7.601849262213469	0.7913310407686902	0.21018389784682456	0.3484268378053258	0.04287734629238464	0.02743575843455998	109.78995513916016	438.0	67.46991729736328	20.2792865534964	0.0182648401826484	0.0776255707762557	0.0319634703196347	0.0547945205479452	0.009108301252126694	0.014821420423686504	0.04931139945983887	0.010204081423580647	105.26475751389773	98.0	79.2279052734375	6277.060546875	7.577643512117959	7.519033878096366	4.623637484664973	7.601849727531108	0.9953262097124489	0.00470963110807654	0.003966159505537137	-0.011298253069177856	-0.0009060932569783277	130.78995433789953	219.0	97.42168097506143	44.19964082420634	0.0045662100456621	0.0273972602739726	0.0091324200913242	0.0091324200913242	0.007645847152882032	0.010264655567337067	0.022624618240163184	0.007042253521126761	96.36914420286412	142.0	75.21543906349213	5657.362273513897	0.1201462203598922	0.06066152368109812	-0.8382726747405882	-0.1730354697766927	0.9953262097124489	0.00470963110807654	0.003966159505537137	-0.011298253069177856	-0.0009060932569783277	130.78995433789953	219.0	97.42168097506143	44.19964082420634	0.0045662100456621	0.0273972602739726	0.0091324200913242	0.0091324200913242	0.007645847152882032	0.010264655567337067	0.022624618240163184	0.007042253521126761	96.36914420286412	142.0	75.21543906349213	5657.362273513897	0.1201462203598922	0.06066152368109812	-0.8382726747405882	-0.1730354697766927	0.9953261577495847	0.00470968346941647	0.00396581027322207	-0.011298253069177856	-0.0009060940738571804	130.78994750976562	219.0	97.42171478271484	44.199642382549904	0.0045662100456621	0.0273972602739726	0.0091324200913242	0.0091324200913242	0.007645847741514444	0.010264651849865913	0.02262461744248867	0.007042253389954567	96.36914420286412	142.0	75.21543884277344	5657.3623046875	0.12014755613692785	0.06065618225085245	-0.8382726747405882	-0.1730356257750012	795792721.0		0.6078272014003938	0.39487599143900287	0.5755410033606044	0.09683321174353501	0.05571871374446349	88.78995433789954	219.0	46.7266670389577	13.158210292138918	0.0319634703196347	0.1278538812785388	0.0547945205479452	0.1004566210045662	0.011262535356132681	0.021401055614907523	0.07599817739631566	0.014925373134328358	77.0953153622913	67.0	77.55488078636876	6014.759533787869	10.08667074615688	8.785701103136583	7.598284931385614	11.214110795793939	0.6078272014003938	0.39487599143900287	0.5755410033606044	0.09683321174353501	0.05571871374446349	88.78995433789954	219.0	46.7266670389577	13.158210292138918	0.0319634703196347	0.1278538812785388	0.0547945205479452	0.1004566210045662	0.011262535356132681	0.021401055614907523	0.07599817739631566	0.014925373134328358	77.0953153622913	67.0	77.55488078636876	6014.759533787869	10.08667074615688	8.785701103136583	7.598284931385614	11.214110795793939	0.6078272068855638	0.39487598591602424	0.5755409114453962	0.09683321174353501	0.05571870839727446	88.78995513916016	219.0	46.72667694091797	13.158211198060606	0.0319634703196347	0.1278538812785388	0.0547945205479452	0.1004566210045662	0.011262535117566586	0.021401051431894302	0.07599817216396332	0.014925372786819935	77.0953153622913	67.0	77.55488586425781	6014.759765625	10.086670605078497	8.785699700040121	7.598284931385614	11.214109719603085	COMPLETE
3	0.06903180480003357	2025-06-11 00:57:58.831968	2025-06-11 00:59:05.594587	0 days 00:01:06.762619	2.313528895149735	256	0.4	96	4	0.00047063895281682777	0.0005148398818254023	0.5703922537720802	2048	50	0.4819766819980747	0.5217841721848816	0.6796327610960193	0.18502427506084237	0.04760992768726843	66.86986301369863	438.0	33.6821071067532	14.486078220855845	0.0045662100456621	0.2146118721461187	0.03881278538812785	0.09817351598173515	0.01495441974802827	0.029689353959672607	0.06903179623593939	0.030303030303030304	40.030259899651256	33.0	67.48515111817133	4554.245621442422	18.811595405676997	14.666441275113028	19.95191511878183	13.191671616459978	0.4819766819980747	0.5217841721848816	0.6796327610960193	0.18502427506084237	0.04760992768726843	66.86986301369863	438.0	33.6821071067532	14.486078220855845	0.0045662100456621	0.2146118721461187	0.03881278538812785	0.09817351598173515	0.01495441974802827	0.029689353959672607	0.06903179623593939	0.030303030303030304	40.030259899651256	33.0	67.48515111817133	4554.245621442422	18.811595405676997	14.666441275113028	19.95191511878183	13.191671616459978	0.48197669932376885	0.5217841547334028	0.6796328091615742	0.18502427506084237	0.047609936448425094	66.86986541748047	438.0	33.68210220336914	14.4860764237112	0.0045662100456621	0.2146118721461187	0.03881278538812785	0.09817351598173515	0.014954418875277042	0.029689358547329903	0.06903180480003357	0.03030303120613098	40.030259899651256	33.0	67.48515319824219	4554.24560546875	18.811594776508507	14.66644231236532	19.95191511878183	13.191674043985227	0.8430197202675701	0.1581840782954288	0.16234018898580527	0.00294538429799366	0.0039993324097871985	110.77625570776256	219.0	82.09018366599358	36.476753768449974	0.0045662100456621	0.0410958904109589	0.0136986301369863	0.0228310502283105	0.009027205276174774	0.012181724480831645	0.027414720244786014	0.009433962264150943	88.95613311033611	106.0	66.48953763029773	4420.858614290779	4.035394427329326	2.4829569271755005	0.2185324720999322	0.7637473924356044	0.8430197202675701	0.1581840782954288	0.16234018898580527	0.00294538429799366	0.0039993324097871985	110.77625570776256	219.0	82.09018366599358	36.476753768449974	0.0045662100456621	0.0410958904109589	0.0136986301369863	0.0228310502283105	0.009027205276174774	0.012181724480831645	0.027414720244786014	0.009433962264150943	88.95613311033611	106.0	66.48953763029773	4420.858614290779	4.035394427329326	2.4829569271755005	0.2185324720999322	0.7637473924356044	0.8430196977326545	0.15818410100315272	0.162340311417001	0.00294538429799366	0.003999332676753401	110.77625274658203	219.0	82.09017181396484	36.476753421587986	0.0045662100456621	0.0410958904109589	0.0136986301369863	0.0228310502283105	0.009027205407619476	0.012181726284325123	0.027414720505476	0.009433962404727936	88.95613311033611	106.0	66.48953247070312	4420.8583984375	4.035395006620387	2.482958799733291	0.2185324720999322	0.7637474434177989	1522901624.0		0.1572004626301147	0.84860883797054	0.8809982368585698	0.36636466164206116	0.09112990221187875	22.963470319634702	219.0	13.819975647353338	9.037597761933144	0.0045662100456621	0.3881278538812785	0.0639269406392694	0.1735159817351598	0.04354742493537483	0.07235902765078388	0.11064887222709277	0.07142857142857142	11.860817748044816	14.0	28.845970078736574	832.0899897833657	21.676774801361532	13.448541695959962	28.74781325357533	18.34106984056898	0.1572004626301147	0.84860883797054	0.8809982368585698	0.36636466164206116	0.09112990221187875	22.963470319634702	219.0	13.819975647353338	9.037597761933144	0.0045662100456621	0.3881278538812785	0.0639269406392694	0.1735159817351598	0.04354742493537483	0.07235902765078388	0.11064887222709277	0.07142857142857142	11.860817748044816	14.0	28.845970078736574	832.0899897833657	21.676774801361532	13.448541695959962	28.74781325357533	18.34106984056898	0.15720046358405732	0.848608837010022	0.880998234949962	0.36636466164206116	0.09112991564252451	22.963470458984375	219.0	13.819975852966309	9.037596688501722	0.0045662100456621	0.3881278538812785	0.0639269406392694	0.1735159817351598	0.04354742541909218	0.07235902547836304	0.11064888536930086	0.0714285746216774	11.860817748044816	14.0	28.845970153808594	832.0899658203125	21.67677477682616	13.44854166682484	28.74781325357533	18.341072543659905	COMPLETE
4	0.07783742249011993	2025-06-11 00:59:05.596586	2025-06-11 01:01:39.358728	0 days 00:02:33.762142	0.5231491122219746	192	0.5	128	4	0.000831615129432172	0.00018019878032797475	0.35642192290570146	256	100	0.4695524819602262	0.5342985720323883	0.6914690405834174	0.16844046670452228	0.05661817414729321	65.14611872146119	438.0	32.47463484686787	12.847290776024545	0.0136986301369863	0.19863013698630136	0.05707762557077625	0.10730593607305935	0.01535010864232144	0.03079326387241729	0.07783742249114402	0.031746031746031744	38.54765768114565	31.5	66.96589209525816	4484.430704113759	19.26277012355009	14.921867599379382	18.163616061468197	15.687660056546662	0.4695524819602262	0.5342985720323883	0.6914690405834174	0.16844046670452228	0.05661817414729321	65.14611872146119	438.0	32.47463484686787	12.847290776024545	0.0136986301369863	0.19863013698630136	0.05707762557077625	0.10730593607305935	0.01535010864232144	0.03079326387241729	0.07783742249114402	0.031746031746031744	38.54765768114565	31.5	66.96589209525816	4484.430704113759	19.26277012355009	14.921867599379382	18.163616061468197	15.687660056546662	0.46955247794267385	0.534298576079108	0.6914690659100524	0.16844046670452228	0.056618174146245565	65.1461181640625	438.0	32.474632263183594	12.847290776193573	0.0136986301369863	0.19863013698630136	0.05707762557077625	0.10730593607305935	0.015350108966231346	0.030793266370892525	0.07783742249011993	0.0317460335791111	38.54765768114565	31.5	66.96588897705078	4484.4306640625	19.262770269444236	14.921868145926911	18.163616061468197	15.68766005625638	0.8546260099035705	0.14648878617574457	0.1244811355245723	-0.011298253069177856	0.0058888400217956376	112.3013698630137	219.0	85.7551530941855	34.1765758068064	0.0091324200913242	0.0273972602739726	0.0182648401826484	0.0273972602739726	0.00890461088070261	0.011661106813041227	0.02925980664806233	0.009345794392523364	78.5779175807969	107.0	64.08093161940012	4106.365797210234	3.7370387574393433	1.9039111613972217	-0.8382726747405882	1.1245842431377584	0.8546260099035705	0.14648878617574457	0.1244811355245723	-0.011298253069177856	0.0058888400217956376	112.3013698630137	219.0	85.7551530941855	34.1765758068064	0.0091324200913242	0.0273972602739726	0.0182648401826484	0.0273972602739726	0.00890461088070261	0.011661106813041227	0.02925980664806233	0.009345794392523364	78.5779175807969	107.0	64.08093161940012	4106.365797210234	3.7370387574393433	1.9039111613972217	-0.8382726747405882	1.1245842431377584	0.8546260011547209	0.14648879499168455	0.12448116912671914	-0.011298253069177856	0.005888841776516052	112.3013687133789	219.0	85.7551498413086	34.176573805410236	0.0091324200913242	0.0273972602739726	0.0182648401826484	0.0273972602739726	0.008904610760509968	0.011661107651889324	0.029259808361530304	0.009345794096589088	78.5779175807969	107.0	64.0809326171875	4106.36572265625	3.7370389823405787	1.9039116753345517	-0.8382726747405882	1.1245845782344706	1539062484.0	65.0	0.12315963864836985	0.8828843006420747	0.8951276358792982	0.3474501739298839	0.10724209511752786	17.990867579908677	219.0	12.297825499525702	7.910451265743588	0.0182648401826484	0.3698630136986301	0.0958904109589041	0.1872146118721461	0.05558375634517766	0.08131518861107337	0.1264150383342257	0.07142857142857142	10.378215529539213	14.0	20.377933913218634	415.26019057150603	22.552303610748176	13.664228633707634	27.263635827456753	21.58385676554727	0.12315963864836985	0.8828843006420747	0.8951276358792982	0.3474501739298839	0.10724209511752786	17.990867579908677	219.0	12.297825499525702	7.910451265743588	0.0182648401826484	0.3698630136986301	0.0958904109589041	0.1872146118721461	0.05558375634517766	0.08131518861107337	0.1264150383342257	0.07142857142857142	10.378215529539213	14.0	20.377933913218634	415.26019057150603	22.552303610748176	13.664228633707634	27.263635827456753	21.58385676554727	0.1231596388868555	0.8828843004019451	0.895127659524262	0.3474501739298839	0.10724210097846223	17.990867614746094	219.0	12.297822952270508	7.910450906870574	0.0182648401826484	0.3698630136986301	0.0958904109589041	0.1872146118721461	0.055583756417036057	0.08131520450115204	0.12641504406929016	0.0714285746216774	10.378215529539213	14.0	20.377931594848633	415.2601318359375	22.552303604614334	13.664228994650786	27.263635827456753	21.58385794513601	COMPLETE
5	0.0273972602739726	2025-06-11 01:01:39.359727	2025-06-11 01:01:46.557677	0 days 00:00:07.197950	2.1337394658576616	192	0.5	128	1	0.00023784175714844195	0.0002636893898467325	0.07622343749291283	2048	100																																																																																																																																																																																																																																				PRUNED
6	0.09360730593607305	2025-06-11 01:01:46.559673	2025-06-11 01:02:07.420382	0 days 00:00:20.860709	1.7563560569739805	192	0.3	96	1	0.00016412179363496114	0.00038459674959400814	0.8102240097468123	64	100																																																																																																																																																																																																																																				PRUNED
7	0.06164383561643835	2025-06-11 01:02:07.421382	2025-06-11 01:02:10.417080	0 days 00:00:02.995698	1.3329144369454347	128	0.3	128	1	0.0004781657151795321	0.0006601060687503311	0.9449952968798503	256	100																																																																																																																																																																																																																																				PRUNED
8	0.0502283105022831	2025-06-11 01:02:10.419077	2025-06-11 01:02:17.734271	0 days 00:00:07.315194	2.0761566360544617	256	0.5	96	4	0.0004450283352900798	0.0003118149712267843	0.4825530863244095	1024	100																																																																																																																																																																																																																																				PRUNED
9	0.0730593607305936	2025-06-11 01:02:17.736270	2025-06-11 01:02:21.338399	0 days 00:00:03.602129	0.49591854752224007	256	0.3	64	1	0.000555578634036268	0.0004185613250943978	0.9174646678505218	256	50																																																																																																																																																																																																																																				PRUNED
10	0.0730593607305936	2025-06-11 01:02:21.341401	2025-06-11 01:02:24.687396	0 days 00:00:03.345995	0.04001493481964935	128	0.4	128	10	0.0009506195358955113	0.00010038274565720532	0.31450747382355937	4096	150																																																																																																																																																																																																																																				PRUNED
11	0.07990867579908675	2025-06-11 01:02:24.689399	2025-06-11 01:02:28.905622	0 days 00:00:04.216223	2.8596428459746353	192	0.4	96	7	0.0009037352222979793	0.0008771877191303847	0.5641125690852706	2048	50																																																																																																																																																																																																																																				PRUNED
12	0.08447488584474885	2025-06-11 01:02:28.907622	2025-06-11 01:02:51.503519	0 days 00:00:22.595897	1.1407294565719885	256	0.4	96	4	0.00010661208264042134	0.0001739355570948593	0.4252624133785716	16	150																																																																																																																																																																																																																																				PRUNED
13	0.07506320625543594	2025-06-11 01:02:51.505518	2025-06-11 01:04:40.995005	0 days 00:01:49.489487	0.8366326589059805	192	0.4	96	7	0.0006463729894648454	0.00018759000908913782	0.6364721180564635	128	50	0.4975110460189079	0.5061370285344892	0.6725905858833232	0.12816550355345926	0.05378012817759402	69.02511415525115	438.0	34.4005111650247	13.322105113173313	0.0136986301369863	0.1598173515981735	0.0593607305936073	0.09817351598173515	0.014487480567591703	0.029069335487569983	0.07506321197024401	0.031746031746031744	38.54765768114565	31.5	69.03497763020202	4765.828136402494	18.24747761273368	14.514471483310317	13.820604065135086	14.901299474136007	0.4975110460189079	0.5061370285344892	0.6725905858833232	0.12816550355345926	0.05378012817759402	69.02511415525115	438.0	34.4005111650247	13.322105113173313	0.0136986301369863	0.1598173515981735	0.0593607305936073	0.09817351598173515	0.014487480567591703	0.029069335487569983	0.07506321197024401	0.031746031746031744	38.54765768114565	31.5	69.03497763020202	4765.828136402494	18.24747761273368	14.514471483310317	13.820604065135086	14.901299474136007	0.4975110590759527	0.5061370153826501	0.6725906082763089	0.12816550355345926	0.05378012233128643	69.02511596679688	438.0	34.400508880615234	13.322106127428867	0.0136986301369863	0.1598173515981735	0.0593607305936073	0.09817351598173515	0.01448747981339693	0.029069337993860245	0.07506320625543594	0.0317460335791111	38.54765768114565	31.5	69.03498077392578	4765.828125	18.247477138577718	14.514471966549836	13.820604065135086	14.901297854251801	0.9286769177308661	0.07187002118458607	0.00626906240876024	-0.01604613219156836	-0.005114339185205128	122.03196347031964	219.0	97.19874701436298	54.00937023387303	0.0	0.0228310502283105	0.0091324200913242	0.0091324200913242	0.008194574368568755	0.010288198466717177	0.018515305689915832	0.007874015748031496	72.6475087067745	127.0	61.70539730009147	3807.556055962136	1.8334581211053553	0.09588390916612788	-1.1905410570207617	-0.9766788094864767	0.9286769177308661	0.07187002118458607	0.00626906240876024	-0.01604613219156836	-0.005114339185205128	122.03196347031964	219.0	97.19874701436298	54.00937023387303	0.0	0.0228310502283105	0.0091324200913242	0.0091324200913242	0.008194574368568755	0.010288198466717177	0.018515305689915832	0.007874015748031496	72.6475087067745	127.0	61.70539730009147	3807.556055962136	1.8334581211053553	0.09588390916612788	-1.1905410570207617	-0.9766788094864767	0.9286769458332316	0.07186999286671858	0.00626907570162305	-0.01604613219156836	-0.005114339283829757	122.03196716308594	219.0	97.19874572753906	54.00937051479885	0.0	0.0228310502283105	0.0091324200913242	0.0091324200913242	0.008194574154913425	0.010288198478519917	0.01851530559360981	0.007874015718698502	72.6475087067745	127.0	61.70539474487305	3807.555908203125	1.833457398695323	0.09588411247749384	-1.1905410570207617	-0.9766788283206962	643982728.0		0.10965584070519833	0.8964811783960719	0.8962677263825055	0.2717922230811748	0.11255221562472381	16.01826484018265	219.0	12.175004357207625	7.598142264060979	0.0273972602739726	0.2968036529680365	0.1095890410958904	0.1872146118721461	0.06242873432155074	0.08213549421918673	0.13161111825057223	0.0625	7.41301109252801	16.0	10.229763839996362	104.64806822209712	22.899620824389157	13.681632249320105	21.326926122982446	22.652587102356772	0.10965584070519833	0.8964811783960719	0.8962677263825055	0.2717922230811748	0.11255221562472381	16.01826484018265	219.0	12.175004357207625	7.598142264060979	0.0273972602739726	0.2968036529680365	0.1095890410958904	0.1872146118721461	0.06242873432155074	0.08213549421918673	0.13161111825057223	0.0625	7.41301109252801	16.0	10.229763839996362	104.64806822209712	22.899620824389157	13.681632249320105	21.326926122982446	22.652587102356772	0.10965584022822703	0.8964811788763309	0.8962677207953638	0.2717922230811748	0.11255220594620208	16.018264770507812	219.0	12.175004959106445	7.598142810819232	0.0273972602739726	0.2968036529680365	0.1095890410958904	0.1872146118721461	0.062428735196590424	0.08213549107313156	0.13161110877990723	0.0625	7.41301109252801	16.0	10.229763984680176	104.64806365966797	22.899620836656844	13.681632164031729	21.326926122982446	22.652585154429268	COMPLETE
14	0.0639269406392694	2025-06-11 01:04:40.997007	2025-06-11 01:05:15.835958	0 days 00:00:34.838951	0.8437487967970692	192	0.4	128	10	0.0006780958244669466	0.0001637717279034672	0.26845462250615226	128	100																																																																																																																																																																																																																																				PRUNED
15	0.0907641053199768	2025-06-11 01:05:15.836959	2025-06-11 01:07:01.702380	0 days 00:01:45.865421	0.5371691343496228	192	0.4	96	7	0.00030536058881998286	0.00011288372080678475	0.6777996033662451	128	50	0.46586636168409623	0.5380114535765492	0.7094836532556903	0.18739339054031667	0.06984229702273116	64.63470319634703	438.0	30.636882950462656	11.01757210488503	0.0273972602739726	0.21689497716894976	0.0684931506849315	0.10273972602739725	0.015471564818085481	0.0326403962706297	0.09076409852190707	0.03773584905660377	31.87594769787044	26.5	67.74939640687866	4589.980713496382	19.396628582892575	15.31062204733406	20.20738641268378	19.351775816906105	0.46586636168409623	0.5380114535765492	0.7094836532556903	0.18739339054031667	0.06984229702273116	64.63470319634703	438.0	30.636882950462656	11.01757210488503	0.0273972602739726	0.21689497716894976	0.0684931506849315	0.10273972602739725	0.015471564818085481	0.0326403962706297	0.09076409852190707	0.03773584905660377	31.87594769787044	26.5	67.74939640687866	4589.980713496382	19.396628582892575	15.31062204733406	20.20738641268378	19.351775816906105	0.4658663717279769	0.5380114434597498	0.7094836175135493	0.18739339054031667	0.06984230397722659	64.63470458984375	438.0	30.636886596679688	11.017571279688514	0.0273972602739726	0.21689497716894976	0.0684931506849315	0.10273972602739725	0.0154715646058321	0.03264039382338524	0.0907641053199768	0.03773584961891174	31.87594769787044	26.5	67.74939727783203	4589.98046875	19.39662821815722	15.310621276020429	20.20738641268378	19.35177774384497	0.8657110589870558	0.1353187317261062	0.1444297603962149	0.026684779909946194	0.00414135348350729	113.7579908675799	219.0	83.82401394502786	36.29315836677242	0.0045662100456621	0.0639269406392694	0.0136986301369863	0.0273972602739726	0.008790591257576365	0.011929755602682118	0.027553402486886702	0.00909090909090909	83.0257242363137	110.0	65.07418223947884	4234.649194136903	3.452082294280949	2.2090209227083992	1.9798743835007993	0.790868975142553	0.8657110589870558	0.1353187317261062	0.1444297603962149	0.026684779909946194	0.00414135348350729	113.7579908675799	219.0	83.82401394502786	36.29315836677242	0.0045662100456621	0.0639269406392694	0.0136986301369863	0.0273972602739726	0.008790591257576365	0.011929755602682118	0.027553402486886702	0.00909090909090909	83.0257242363137	110.0	65.07418223947884	4234.649194136903	3.452082294280949	2.2090209227083992	1.9798743835007993	0.790868975142553	0.8657110369823735	0.13531875389953074	0.14442977267525514	0.026684779909946194	0.004141352869604948	113.75798797607422	219.0	83.82401275634766	36.293159156390146	0.0045662100456621	0.0639269406392694	0.0136986301369863	0.0273972602739726	0.008790591731667519	0.01192975603044033	0.02755340188741684	0.00909090880304575	83.0257242363137	110.0	65.07418060302734	4234.6494140625	3.4520828599416333	2.2090211105135786	1.9798743835007993	0.7908688579064078	1912448751.0		0.10618611484480009	0.8999748205967517	0.9053415249466467	0.3474501739298839	0.1354067171109456	15.511415525114156	219.0	11.197490465392177	6.494569470786213	0.0502283105022831	0.3698630136986301	0.1232876712328767	0.1780821917808219	0.06446864880777156	0.08930572462559148	0.15397479455692742	0.07142857142857142	10.378215529539213	14.0	10.914094080337687	119.11744959446216	22.988862052894135	13.820144851531117	27.263635827456753	27.252350711842375	0.10618611484480009	0.8999748205967517	0.9053415249466467	0.3474501739298839	0.1354067171109456	15.511415525114156	219.0	11.197490465392177	6.494569470786213	0.0502283105022831	0.3698630136986301	0.1232876712328767	0.1780821917808219	0.06446864880777156	0.08930572462559148	0.15397479455692742	0.07142857142857142	10.378215529539213	14.0	10.914094080337687	119.11744959446216	22.988862052894135	13.820144851531117	27.263635827456753	27.252350711842375	0.10618611454669302	0.8999748208969136	0.9053415405468805	0.3474501739298839	0.13540672400401038	15.511415481567383	219.0	11.197488784790039	6.49456918628474	0.0502283105022831	0.3698630136986301	0.1232876712328767	0.1780821917808219	0.06446865200996399	0.08930573612451553	0.15397480130195618	0.0714285746216774	10.378215529539213	14.0	10.914093971252441	119.1174545288086	22.988862060561438	13.82014508967052	27.263635827456753	27.252352099160696	COMPLETE
16	0.0593607305936073	2025-06-11 01:07:01.704380	2025-06-11 01:07:04.640920	0 days 00:00:02.936540	0.0691248199691703	128	0.5	128	7	0.0002919620098290912	0.00010276893257654163	0.7047996236982343	128	150																																																																																																																																																																																																																																				PRUNED
17	0.0502283105022831	2025-06-11 01:07:04.641918	2025-06-11 01:07:07.057335	0 days 00:00:02.415417	0.601788758937227	192	0.3	64	10	0.00035739677314986076	0.0001265640014716386	0.3697909892279858	256	100																																																																																																																																																																																																																																				PRUNED
18	0.0547945205479452	2025-06-11 01:07:07.057335	2025-06-11 01:07:09.294899	0 days 00:00:02.237564	0.3618602174312908	128	0.4	96	7	0.00014679178963584994	0.00021206641260013427	0.23636250506299197	512	100																																																																																																																																																																																																																																				PRUNED
19	0.06744036823511124	2025-06-11 01:07:09.295898	2025-06-11 01:11:44.146741	0 days 00:04:34.850843	1.0055613908869219	192	0.4	128	4	0.0002828119718373307	0.00013177025190653943	0.16945658023411708	16	50	0.5431267844360154	0.4601901194254979	0.6362356965890399	0.1210581571150364	0.045981879141607895	75.35388127853881	438.0	38.10923740630568	14.827914569188884	0.0136986301369863	0.15296803652968036	0.0410958904109589	0.0593607305936073	0.01327071655809726	0.026240357143292946	0.067440366973648	0.028169014084507043	43.73676544591526	35.5	72.38554417481174	5239.667005483622	16.590979178370475	13.72993477551834	13.054190183429245	12.740574905473952	0.5431267844360154	0.4601901194254979	0.6362356965890399	0.1210581571150364	0.045981879141607895	75.35388127853881	438.0	38.10923740630568	14.827914569188884	0.0136986301369863	0.15296803652968036	0.0410958904109589	0.0593607305936073	0.01327071655809726	0.026240357143292946	0.067440366973648	0.028169014084507043	43.73676544591526	35.5	72.38554417481174	5239.667005483622	16.590979178370475	13.72993477551834	13.054190183429245	12.740574905473952	0.5431267884535677	0.4601901153787782	0.6362356939953622	0.1210581571150364	0.04598188043209779	75.3538818359375	438.0	38.10923767089844	14.827914291834688	0.0136986301369863	0.15296803652968036	0.0410958904109589	0.0593607305936073	0.013270716182887554	0.026240356266498566	0.06744036823511124	0.028169013559818268	43.73676544591526	35.5	72.38554382324219	5239.66650390625	16.59097903247633	13.729934719546904	13.054190183429245	12.740575263040533	1.025488663017983	-0.025684122065234405	-0.1895486319298494	-0.035037648681130386	-0.012245151517871	134.75342465753425	219.0	116.15500179724901	86.56408873875603	0.0	0.0045662100456621	0.0	0.0	0.007420961675307512	0.00860918586825491	0.011552134546439061	0.00684931506849315	60.78669095872968	146.0	57.64909932215145	3323.4186526552826	-0.655221209174556	-2.8991039842143493	-2.5996145861414557	-2.3384409155053136	1.025488663017983	-0.025684122065234405	-0.1895486319298494	-0.035037648681130386	-0.012245151517871	134.75342465753425	219.0	116.15500179724901	86.56408873875603	0.0	0.0045662100456621	0.0	0.0	0.007420961675307512	0.00860918586825491	0.011552134546439061	0.00684931506849315	60.78669095872968	146.0	57.64909932215145	3323.4186526552826	-0.655221209174556	-2.8991039842143493	-2.5996145861414557	-2.3384409155053136	1.025488612115585	-0.02568407077249324	-0.18954836432003774	-0.035037648681130386	-0.012245151535979644	134.75341796875	219.0	116.15497589111328	86.56408887126018	0.0	0.0045662100456621	0.0	0.0	0.007420962210744619	0.008609187789261341	0.011552134528756142	0.006849315017461777	60.78669095872968	146.0	57.64910125732422	3323.4189453125	-0.655219900658274	-2.899099891182061	-2.5996145861414557	-2.338440918963498	438963612.0		0.10921821762370666	0.8969218179529144	0.8932208614716638	0.27652084500921914	0.10408791678729673	15.954337899543379	219.0	12.5032409557809	8.108419335483442	0.0273972602739726	0.3013698630136986	0.0821917808219178	0.1187214611872146	0.06267887807670292	0.07997926325955095	0.12332859940085694	0.06666666666666667	7.41301109252801	15.0	9.965131762583033	99.30385104564122	22.910876474831227	13.635121498127774	21.69797047951209	20.94903763768434	0.10921821762370666	0.8969218179529144	0.8932208614716638	0.27652084500921914	0.10408791678729673	15.954337899543379	219.0	12.5032409557809	8.108419335483442	0.0273972602739726	0.3013698630136986	0.0821917808219178	0.1187214611872146	0.06267887807670292	0.07997926325955095	0.12332859940085694	0.06666666666666667	7.41301109252801	15.0	9.965131762583033	99.30385104564122	22.910876474831227	13.635121498127774	21.69797047951209	20.94903763768434	0.10921821881613492	0.8969218167522669	0.8932209003204389	0.27652084500921914	0.10408792128719135	15.954338073730469	219.0	12.503236770629883	8.108419045985036	0.0273972602739726	0.3013698630136986	0.0821917808219178	0.1187214611872146	0.06267888098955154	0.0799792930483818	0.12332860380411147	0.06666667014360428	7.41301109252801	15.0	9.965131759643555	99.30384826660156	22.910876444162014	13.635122091158893	21.69797047951209	20.94903854334626	COMPLETE
20	0.0593607305936073	2025-06-11 01:11:44.148743	2025-06-11 01:11:48.301450	0 days 00:00:04.152707	1.6186580889063358	192	0.5	96	7	0.00019564054802100338	0.00023250886284077442	0.5149028587318027	4096	150																																																																																																																																																																																																																																				PRUNED
21	0.06941190361976624	2025-06-11 01:11:48.302451	2025-06-11 01:13:33.790976	0 days 00:01:45.488525	0.7718651945136704	192	0.4	96	7	0.0006708704163928926	0.0001897764081788636	0.6563997471087206	128	50	0.49729711939573956	0.5063525082669629	0.6662015378314443	0.12579638807398497	0.04799877534115969	68.99543378995433	438.0	35.05228677558981	14.406752070285389	0.0091324200913242	0.15753424657534246	0.0502283105022831	0.08447488584474885	0.014493712772998015	0.028528809158790563	0.06941189763809065	0.03225806451612903	37.065055462640046	31.0	68.87951877738118	4744.388107003607	18.25524618403481	14.376596143243361	13.565132771233142	13.299412812637765	0.49729711939573956	0.5063525082669629	0.6662015378314443	0.12579638807398497	0.04799877534115969	68.99543378995433	438.0	35.05228677558981	14.406752070285389	0.0091324200913242	0.15753424657534246	0.0502283105022831	0.08447488584474885	0.014493712772998015	0.028528809158790563	0.06941189763809065	0.03225806451612903	37.065055462640046	31.0	68.87951877738118	4744.388107003607	18.25524618403481	14.376596143243361	13.565132771233142	13.299412812637765	0.4972970920261648	0.5063525358352411	0.6662015252858751	0.12579638807398497	0.047998781460475495	68.99542999267578	438.0	35.05228805541992	14.40675082876178	0.0091324200913242	0.15753424657534246	0.0502283105022831	0.08447488584474885	0.014493713155388832	0.028528807684779167	0.06941190361976624	0.032258063554763794	37.065055462640046	31.0	68.8795166015625	4744.38818359375	18.255247177938653	14.376595872510599	13.565132771233142	13.299414508166588	0.9265572061506385	0.07400598770943856	0.00791544383565701	-0.011298253069177856	-0.005086822973628932	121.75342465753425	219.0	97.03936802717044	53.93110567527703	0.0	0.0273972602739726	0.0091324200913242	0.0091324200913242	0.008213321332133212	0.01030509596600017	0.018542175011598504	0.0078125	74.13011092528009	128.0	61.81134521224659	3820.6423969475195	1.8879482284804716	0.1210649453237469	-0.8382726747405882	-0.971424073773687	0.9265572061506385	0.07400598770943856	0.00791544383565701	-0.011298253069177856	-0.005086822973628932	121.75342465753425	219.0	97.03936802717044	53.93110567527703	0.0	0.0273972602739726	0.0091324200913242	0.0091324200913242	0.008213321332133212	0.01030509596600017	0.018542175011598504	0.0078125	74.13011092528009	128.0	61.81134521224659	3820.6423969475195	1.8879482284804716	0.1210649453237469	-0.8382726747405882	-0.971424073773687	0.9265572133087882	0.07400598049639695	0.007915683899931913	-0.011298253069177856	-0.0050868237536784745	121.75342559814453	219.0	97.03934478759766	53.93110789076255	0.0	0.0273972602739726	0.0091324200913242	0.0091324200913242	0.008213321678340435	0.010305098257958889	0.018542174249887466	0.0078125	74.13011092528009	128.0	61.811344146728516	3820.642333984375	1.8879480444703702	0.12106861705320604	-0.8382726747405882	-0.97142422273875	681185919.0		0.11115626269888405	0.8949704142011833	0.8917519277198034	0.26233497922508614	0.10097406429522343	16.23744292237443	219.0	12.661488148337586	8.313822160029984	0.0182648401826484	0.2876712328767123	0.091324200913242	0.1598173515981735	0.06158605174353205	0.0789796577056621	0.12028162026458279	0.0625	7.41301109252801	16.0	10.065913584588547	101.32261629240423	22.861030022873493	13.612698051650808	20.58483740992316	20.322334605593287	0.11115626269888405	0.8949704142011833	0.8917519277198034	0.26233497922508614	0.10097406429522343	16.23744292237443	219.0	12.661488148337586	8.313822160029984	0.0182648401826484	0.2876712328767123	0.091324200913242	0.1598173515981735	0.06158605174353205	0.0789796577056621	0.12028162026458279	0.0625	7.41301109252801	16.0	10.065913584588547	101.32261629240423	22.861030022873493	13.612698051650808	20.58483740992316	20.322334605593287	0.11115625649825707	0.8949704204445503	0.8917519330014856	0.26233497922508614	0.10097406587841554	16.237442016601562	219.0	12.661487579345703	8.31382205295044	0.0182648401826484	0.2876712328767123	0.091324200913242	0.1598173515981735	0.061586055904626846	0.07897966355085373	0.12028162181377411	0.0625	7.41301109252801	16.0	10.065913200378418	101.32261657714844	22.861030182353403	13.612698132276307	20.58483740992316	20.32233492423114	COMPLETE
22	0.07265114784240723	2025-06-11 01:13:33.792974	2025-06-11 01:14:53.809335	0 days 00:01:20.016361	0.3049561661501893	192	0.4	96	7	0.0007897207567871882	0.0001358868482251895	0.6370056578882143	128	50	0.47202086607370597	0.5318122674269234	0.6830390565028734	0.1234272725945107	0.05131255934538134	65.48858447488584	438.0	33.33461554767585	13.764407878064512	0.0182648401826484	0.1552511415525114	0.04337899543378995	0.07534246575342465	0.015269836842839215	0.029998846051480014	0.0726511455384607	0.037037037037037035	28.169442151606436	27.0	67.55183098692282	4563.249869685787	19.173132762383254	14.739948961042924	13.309661477331193	14.21759001884385	0.47202086607370597	0.5318122674269234	0.6830390565028734	0.1234272725945107	0.05131255934538134	65.48858447488584	438.0	33.33461554767585	13.764407878064512	0.0182648401826484	0.1552511415525114	0.04337899543378995	0.07534246575342465	0.015269836842839215	0.029998846051480014	0.0726511455384607	0.037037037037037035	28.169442151606436	27.0	67.55183098692282	4563.249869685787	19.173132762383254	14.739948961042924	13.309661477331193	14.21759001884385	0.47202088013513893	0.5318122532634043	0.6830389614530152	0.1234272725945107	0.051312561702342385	65.48858642578125	438.0	33.334625244140625	13.764407441561296	0.0182648401826484	0.1552511415525114	0.04337899543378995	0.07534246575342465	0.015269836410880089	0.029998837038874626	0.07265114784240723	0.03703703731298447	28.169442151606436	27.0	67.55183410644531	4563.25	19.173132251753753	14.739946909871698	13.309661477331193	14.2175906719063	0.8730431760924333	0.12793038850079674	0.11072433259162129	0.012441142542774675	-0.003491495760409788	114.72146118721462	219.0	87.08688903498376	49.75125114816636	0.0	0.0502283105022831	0.0	0.0091324200913242	0.008716764846362045	0.011482784734660679	0.02009999702362975	0.008695652173913044	81.5431220178081	115.0	64.67113889583288	4182.3562060841095	3.26360011958997	1.6935039335163573	0.9230692366602788	-0.6667664773718638	0.8730431760924333	0.12793038850079674	0.11072433259162129	0.012441142542774675	-0.003491495760409788	114.72146118721462	219.0	87.08688903498376	49.75125114816636	0.0	0.0502283105022831	0.0	0.0091324200913242	0.008716764846362045	0.011482784734660679	0.02009999702362975	0.008695652173913044	81.5431220178081	115.0	64.67113889583288	4182.3562060841095	3.26360011958997	1.6935039335163573	0.9230692366602788	-0.6667664773718638	0.8730431551482176	0.12793040960562252	0.11072407405792972	0.012441142542774675	-0.003491495251631685	114.7214584350586	219.0	87.0869140625	49.75124991845135	0.0	0.0502283105022831	0.0	0.0091324200913242	0.008716764859855175	0.01148278173059225	0.020099997520446777	0.008695651777088642	81.5431220178081	115.0	64.67113494873047	4182.35595703125	3.263600657989901	1.693499979301297	0.9230692366602788	-0.6667663802111607	454261740.0		0.11128129786502451	0.8948445171849426	0.8908409114711826	0.23396324765682028	0.10600273421857151	16.255707762557076	219.0	12.759631283475677	7.987074099252169	0.0365296803652968	0.2602739726027397	0.0867579908675799	0.1415525114155251	0.06151685393258428	0.07837217062024723	0.1252022940532917	0.06666666666666667	7.41301109252801	15.0	9.81790377548763	96.39123454473427	22.85781412274719	13.598791281475012	18.358571270745294	21.334419377229015	0.11128129786502451	0.8948445171849426	0.8908409114711826	0.23396324765682028	0.10600273421857151	16.255707762557076	219.0	12.759631283475677	7.987074099252169	0.0365296803652968	0.2602739726027397	0.0867579908675799	0.1415525114155251	0.06151685393258428	0.07837217062024723	0.1252022940532917	0.06666666666666667	7.41301109252801	15.0	9.81790377548763	96.39123454473427	22.85781412274719	13.598791281475012	18.358571270745294	21.334419377229015	0.11128130424451575	0.8948445107614784	0.8908409126459262	0.23396324765682028	0.10600273841987504	16.255708694458008	219.0	12.759631156921387	7.987073836992858	0.0365296803652968	0.2602739726027397	0.0867579908675799	0.1415525114155251	0.06151685118675232	0.07837217301130295	0.12520229816436768	0.06666667014360428	7.41301109252801	15.0	9.817903518676758	96.39122772216797	22.857813958666895	13.598791299407612	18.358571270745294	21.334420222795615	COMPLETE
23	0.08447488584474885	2025-06-11 01:14:53.811336	2025-06-11 01:15:01.899818	0 days 00:00:08.088482	1.2440077380748673	192	0.4	96	4	0.0005963317832245273	0.00012463353487454973	0.41454543119421433	128	50																																																																																																																																																																																																																																				PRUNED
24	0.0821917808219178	2025-06-11 01:15:01.901819	2025-06-11 01:15:04.914354	0 days 00:00:03.012535	0.7713555850723341	192	0.4	64	10	0.00036051142795976614	0.00019466964256337324	0.7901276310215296	32	50																																																																																																																																																																																																																																				PRUNED
25	0.0730593607305936	2025-06-11 01:15:04.915354	2025-06-11 01:15:15.707531	0 days 00:00:10.792177	0.24520646593925333	256	0.3	96	7	0.000974617472662049	0.00014729705312553154	0.5915604158201566	1024	50																																																																																																																																																																																																																																				PRUNED
26	0.06164383561643835	2025-06-11 01:15:15.708528	2025-06-11 01:15:18.733211	0 days 00:00:03.024683	0.6670515369260571	128	0.4	128	4	0.0005452278189870876	0.00023907390016876946	0.4910658616809352	256	100																																																																																																																																																																																																																																				PRUNED
27	0.08639533072710037	2025-06-11 01:15:18.734210	2025-06-11 01:16:40.228858	0 days 00:01:21.494648	1.080887358183937	192	0.5	96	7	0.0008189297900097785	0.00011454388788912914	0.0141885271228408	128	100	0.4969021779375828	0.5067503170038372	0.6928218677416601	0.2229301227324311	0.06537300372882182	68.94063926940639	438.0	32.33662684631866	11.574699441489797	0.0228310502283105	0.2511415525114155	0.05707762557077625	0.10730593607305935	0.014505232481123329	0.030924685025205227	0.0863953319094814	0.03125	40.030259899651256	32.0	71.17401751019192	5065.740768541105	18.269588161821503	14.951061542354921	24.039455821212997	18.11343221180408	0.4969021779375828	0.5067503170038372	0.6928218677416601	0.2229301227324311	0.06537300372882182	68.94063926940639	438.0	32.33662684631866	11.574699441489797	0.0228310502283105	0.2511415525114155	0.05707762557077625	0.10730593607305935	0.014505232481123329	0.030924685025205227	0.0863953319094814	0.03125	40.030259899651256	32.0	71.17401751019192	5065.740768541105	18.269588161821503	14.951061542354921	24.039455821212997	18.11343221180408	0.4969021520745901	0.5067503430545955	0.6928218568227583	0.2229301227324311	0.06537300251923384	68.94063568115234	438.0	32.33662796020508	11.574699599897722	0.0228310502283105	0.2511415525114155	0.05707762557077625	0.10730593607305935	0.014505233615636826	0.030924683436751366	0.08639533072710037	0.03125	40.030259899651256	32.0	71.17401885986328	5065.74072265625	18.269589101015043	14.951061306725562	24.039455821212997	18.113431876653657	0.8938580488228651	0.10695589754363855	0.16338549085131793	0.04567629639950821	0.008064205258815377	117.45662100456622	219.0	81.98899256293922	31.863339074416324	0.0045662100456621	0.0821917808219178	0.0136986301369863	0.0365296803652968	0.008513781440733973	0.012196759208040586	0.03138403033230497	0.008695652173913044	90.43873532884172	115.0	70.12423215703936	4917.407935614353	2.7285251307752993	2.4989445857102037	3.3889479126214934	1.5400109586823376	0.8938580488228651	0.10695589754363855	0.16338549085131793	0.04567629639950821	0.008064205258815377	117.45662100456622	219.0	81.98899256293922	31.863339074416324	0.0045662100456621	0.0821917808219178	0.0136986301369863	0.0365296803652968	0.008513781440733973	0.012196759208040586	0.03138403033230497	0.008695652173913044	90.43873532884172	115.0	70.12423215703936	4917.407935614353	2.7285251307752993	2.4989445857102037	3.3889479126214934	1.5400109586823376	0.8938580355670324	0.10695591090112333	0.16338535160795375	0.04567629639950821	0.008064207191597332	117.45661926269531	219.0	81.98900604248047	31.863337158248825	0.0045662100456621	0.0821917808219178	0.0136986301369863	0.0365296803652968	0.008513781242072582	0.012196756899356842	0.03138403221964836	0.008695651777088642	90.43873532884172	115.0	70.12423706054688	4917.408203125	2.728525471534752	2.4989424560140527	3.3889479126214934	1.5400113277832341	2039396038.0	55.0	0.1398205745365884	0.8661085232279994	0.8908966003637596	0.3994650151383714	0.12256271722806744	20.424657534246574	219.0	12.753631958526043	7.071804026042054	0.0410958904109589	0.4200913242009132	0.1004566210045662	0.1780821917808219	0.04896042924211939	0.07840903699055556	0.14140663348665783	0.07142857142857142	11.860817748044816	14.0	22.504946878745066	506.4726340151373	22.12378491891798	13.599641378969524	31.34512374928284	24.667329844197667	0.1398205745365884	0.8661085232279994	0.8908966003637596	0.3994650151383714	0.12256271722806744	20.424657534246574	219.0	12.753631958526043	7.071804026042054	0.0410958904109589	0.4200913242009132	0.1004566210045662	0.1780821917808219	0.04896042924211939	0.07840903699055556	0.14140663348665783	0.07142857142857142	11.860817748044816	14.0	22.504946878745066	506.4726340151373	22.12378491891798	13.599641378969524	31.34512374928284	24.667329844197667	0.13982057650409505	0.866108521246931	0.8908965949154257	0.3994650151383714	0.12256270907558836	20.424657821655273	219.0	12.753632545471191	7.071804424994926	0.0410958904109589	0.4200913242009132	0.1004566210045662	0.1780821917808219	0.048960428684949875	0.07840903103351593	0.14140662550926208	0.0714285746216774	11.860817748044816	14.0	22.504945755004883	506.47259521484375	22.123784868313777	13.599641295800067	31.34512374928284	24.66732820340596	COMPLETE
28	0.0639269406392694	2025-06-11 01:16:40.229858	2025-06-11 01:17:19.808193	0 days 00:00:39.578335	1.4314776746257176	192	0.5	128	10	0.0007812711768600997	0.00011028594948261263	0.06770539384851249	128	100																																																																																																																																																																																																																																				PRUNED
29	0.09360730593607305	2025-06-11 01:17:19.809193	2025-06-11 01:17:23.030651	0 days 00:00:03.221458	1.0349707081616475	256	0.5	64	7	0.0003925680995188162	0.00015540341780914606	0.17931949513341006	512	150																																																																																																																																																																																																																																				PRUNED
