number	value	datetime_start	datetime_complete	duration	params_loss.margin	params_model.embedding_dim	params_negative_sampler.num_negs_per_pos	params_optimizer.lr	params_optimizer.weight_decay	params_training.batch_size	params_training.num_epochs	user_attrs_both.optimistic.adjusted_arithmetic_mean_rank	user_attrs_both.optimistic.adjusted_arithmetic_mean_rank_index	user_attrs_both.optimistic.adjusted_geometric_mean_rank_index	user_attrs_both.optimistic.adjusted_hits_at_k	user_attrs_both.optimistic.adjusted_inverse_harmonic_mean_rank	user_attrs_both.optimistic.arithmetic_mean_rank	user_attrs_both.optimistic.count	user_attrs_both.optimistic.geometric_mean_rank	user_attrs_both.optimistic.harmonic_mean_rank	user_attrs_both.optimistic.hits_at_1	user_attrs_both.optimistic.hits_at_10	user_attrs_both.optimistic.hits_at_3	user_attrs_both.optimistic.hits_at_5	user_attrs_both.optimistic.inverse_arithmetic_mean_rank	user_attrs_both.optimistic.inverse_geometric_mean_rank	user_attrs_both.optimistic.inverse_harmonic_mean_rank	user_attrs_both.optimistic.inverse_median_rank	user_attrs_both.optimistic.median_absolute_deviation	user_attrs_both.optimistic.median_rank	user_attrs_both.optimistic.standard_deviation	user_attrs_both.optimistic.variance	user_attrs_both.optimistic.z_arithmetic_mean_rank	user_attrs_both.optimistic.z_geometric_mean_rank	user_attrs_both.optimistic.z_hits_at_k	user_attrs_both.optimistic.z_inverse_harmonic_mean_rank	user_attrs_both.pessimistic.adjusted_arithmetic_mean_rank	user_attrs_both.pessimistic.adjusted_arithmetic_mean_rank_index	user_attrs_both.pessimistic.adjusted_geometric_mean_rank_index	user_attrs_both.pessimistic.adjusted_hits_at_k	user_attrs_both.pessimistic.adjusted_inverse_harmonic_mean_rank	user_attrs_both.pessimistic.arithmetic_mean_rank	user_attrs_both.pessimistic.count	user_attrs_both.pessimistic.geometric_mean_rank	user_attrs_both.pessimistic.harmonic_mean_rank	user_attrs_both.pessimistic.hits_at_1	user_attrs_both.pessimistic.hits_at_10	user_attrs_both.pessimistic.hits_at_3	user_attrs_both.pessimistic.hits_at_5	user_attrs_both.pessimistic.inverse_arithmetic_mean_rank	user_attrs_both.pessimistic.inverse_geometric_mean_rank	user_attrs_both.pessimistic.inverse_harmonic_mean_rank	user_attrs_both.pessimistic.inverse_median_rank	user_attrs_both.pessimistic.median_absolute_deviation	user_attrs_both.pessimistic.median_rank	user_attrs_both.pessimistic.standard_deviation	user_attrs_both.pessimistic.variance	user_attrs_both.pessimistic.z_arithmetic_mean_rank	user_attrs_both.pessimistic.z_geometric_mean_rank	user_attrs_both.pessimistic.z_hits_at_k	user_attrs_both.pessimistic.z_inverse_harmonic_mean_rank	user_attrs_both.realistic.adjusted_arithmetic_mean_rank	user_attrs_both.realistic.adjusted_arithmetic_mean_rank_index	user_attrs_both.realistic.adjusted_geometric_mean_rank_index	user_attrs_both.realistic.adjusted_hits_at_k	user_attrs_both.realistic.adjusted_inverse_harmonic_mean_rank	user_attrs_both.realistic.arithmetic_mean_rank	user_attrs_both.realistic.count	user_attrs_both.realistic.geometric_mean_rank	user_attrs_both.realistic.harmonic_mean_rank	user_attrs_both.realistic.hits_at_1	user_attrs_both.realistic.hits_at_10	user_attrs_both.realistic.hits_at_3	user_attrs_both.realistic.hits_at_5	user_attrs_both.realistic.inverse_arithmetic_mean_rank	user_attrs_both.realistic.inverse_geometric_mean_rank	user_attrs_both.realistic.inverse_harmonic_mean_rank	user_attrs_both.realistic.inverse_median_rank	user_attrs_both.realistic.median_absolute_deviation	user_attrs_both.realistic.median_rank	user_attrs_both.realistic.standard_deviation	user_attrs_both.realistic.variance	user_attrs_both.realistic.z_arithmetic_mean_rank	user_attrs_both.realistic.z_geometric_mean_rank	user_attrs_both.realistic.z_hits_at_k	user_attrs_both.realistic.z_inverse_harmonic_mean_rank	user_attrs_head.optimistic.adjusted_arithmetic_mean_rank	user_attrs_head.optimistic.adjusted_arithmetic_mean_rank_index	user_attrs_head.optimistic.adjusted_geometric_mean_rank_index	user_attrs_head.optimistic.adjusted_hits_at_k	user_attrs_head.optimistic.adjusted_inverse_harmonic_mean_rank	user_attrs_head.optimistic.arithmetic_mean_rank	user_attrs_head.optimistic.count	user_attrs_head.optimistic.geometric_mean_rank	user_attrs_head.optimistic.harmonic_mean_rank	user_attrs_head.optimistic.hits_at_1	user_attrs_head.optimistic.hits_at_10	user_attrs_head.optimistic.hits_at_3	user_attrs_head.optimistic.hits_at_5	user_attrs_head.optimistic.inverse_arithmetic_mean_rank	user_attrs_head.optimistic.inverse_geometric_mean_rank	user_attrs_head.optimistic.inverse_harmonic_mean_rank	user_attrs_head.optimistic.inverse_median_rank	user_attrs_head.optimistic.median_absolute_deviation	user_attrs_head.optimistic.median_rank	user_attrs_head.optimistic.standard_deviation	user_attrs_head.optimistic.variance	user_attrs_head.optimistic.z_arithmetic_mean_rank	user_attrs_head.optimistic.z_geometric_mean_rank	user_attrs_head.optimistic.z_hits_at_k	user_attrs_head.optimistic.z_inverse_harmonic_mean_rank	user_attrs_head.pessimistic.adjusted_arithmetic_mean_rank	user_attrs_head.pessimistic.adjusted_arithmetic_mean_rank_index	user_attrs_head.pessimistic.adjusted_geometric_mean_rank_index	user_attrs_head.pessimistic.adjusted_hits_at_k	user_attrs_head.pessimistic.adjusted_inverse_harmonic_mean_rank	user_attrs_head.pessimistic.arithmetic_mean_rank	user_attrs_head.pessimistic.count	user_attrs_head.pessimistic.geometric_mean_rank	user_attrs_head.pessimistic.harmonic_mean_rank	user_attrs_head.pessimistic.hits_at_1	user_attrs_head.pessimistic.hits_at_10	user_attrs_head.pessimistic.hits_at_3	user_attrs_head.pessimistic.hits_at_5	user_attrs_head.pessimistic.inverse_arithmetic_mean_rank	user_attrs_head.pessimistic.inverse_geometric_mean_rank	user_attrs_head.pessimistic.inverse_harmonic_mean_rank	user_attrs_head.pessimistic.inverse_median_rank	user_attrs_head.pessimistic.median_absolute_deviation	user_attrs_head.pessimistic.median_rank	user_attrs_head.pessimistic.standard_deviation	user_attrs_head.pessimistic.variance	user_attrs_head.pessimistic.z_arithmetic_mean_rank	user_attrs_head.pessimistic.z_geometric_mean_rank	user_attrs_head.pessimistic.z_hits_at_k	user_attrs_head.pessimistic.z_inverse_harmonic_mean_rank	user_attrs_head.realistic.adjusted_arithmetic_mean_rank	user_attrs_head.realistic.adjusted_arithmetic_mean_rank_index	user_attrs_head.realistic.adjusted_geometric_mean_rank_index	user_attrs_head.realistic.adjusted_hits_at_k	user_attrs_head.realistic.adjusted_inverse_harmonic_mean_rank	user_attrs_head.realistic.arithmetic_mean_rank	user_attrs_head.realistic.count	user_attrs_head.realistic.geometric_mean_rank	user_attrs_head.realistic.harmonic_mean_rank	user_attrs_head.realistic.hits_at_1	user_attrs_head.realistic.hits_at_10	user_attrs_head.realistic.hits_at_3	user_attrs_head.realistic.hits_at_5	user_attrs_head.realistic.inverse_arithmetic_mean_rank	user_attrs_head.realistic.inverse_geometric_mean_rank	user_attrs_head.realistic.inverse_harmonic_mean_rank	user_attrs_head.realistic.inverse_median_rank	user_attrs_head.realistic.median_absolute_deviation	user_attrs_head.realistic.median_rank	user_attrs_head.realistic.standard_deviation	user_attrs_head.realistic.variance	user_attrs_head.realistic.z_arithmetic_mean_rank	user_attrs_head.realistic.z_geometric_mean_rank	user_attrs_head.realistic.z_hits_at_k	user_attrs_head.realistic.z_inverse_harmonic_mean_rank	user_attrs_random_seed	user_attrs_stopped_epoch	user_attrs_tail.optimistic.adjusted_arithmetic_mean_rank	user_attrs_tail.optimistic.adjusted_arithmetic_mean_rank_index	user_attrs_tail.optimistic.adjusted_geometric_mean_rank_index	user_attrs_tail.optimistic.adjusted_hits_at_k	user_attrs_tail.optimistic.adjusted_inverse_harmonic_mean_rank	user_attrs_tail.optimistic.arithmetic_mean_rank	user_attrs_tail.optimistic.count	user_attrs_tail.optimistic.geometric_mean_rank	user_attrs_tail.optimistic.harmonic_mean_rank	user_attrs_tail.optimistic.hits_at_1	user_attrs_tail.optimistic.hits_at_10	user_attrs_tail.optimistic.hits_at_3	user_attrs_tail.optimistic.hits_at_5	user_attrs_tail.optimistic.inverse_arithmetic_mean_rank	user_attrs_tail.optimistic.inverse_geometric_mean_rank	user_attrs_tail.optimistic.inverse_harmonic_mean_rank	user_attrs_tail.optimistic.inverse_median_rank	user_attrs_tail.optimistic.median_absolute_deviation	user_attrs_tail.optimistic.median_rank	user_attrs_tail.optimistic.standard_deviation	user_attrs_tail.optimistic.variance	user_attrs_tail.optimistic.z_arithmetic_mean_rank	user_attrs_tail.optimistic.z_geometric_mean_rank	user_attrs_tail.optimistic.z_hits_at_k	user_attrs_tail.optimistic.z_inverse_harmonic_mean_rank	user_attrs_tail.pessimistic.adjusted_arithmetic_mean_rank	user_attrs_tail.pessimistic.adjusted_arithmetic_mean_rank_index	user_attrs_tail.pessimistic.adjusted_geometric_mean_rank_index	user_attrs_tail.pessimistic.adjusted_hits_at_k	user_attrs_tail.pessimistic.adjusted_inverse_harmonic_mean_rank	user_attrs_tail.pessimistic.arithmetic_mean_rank	user_attrs_tail.pessimistic.count	user_attrs_tail.pessimistic.geometric_mean_rank	user_attrs_tail.pessimistic.harmonic_mean_rank	user_attrs_tail.pessimistic.hits_at_1	user_attrs_tail.pessimistic.hits_at_10	user_attrs_tail.pessimistic.hits_at_3	user_attrs_tail.pessimistic.hits_at_5	user_attrs_tail.pessimistic.inverse_arithmetic_mean_rank	user_attrs_tail.pessimistic.inverse_geometric_mean_rank	user_attrs_tail.pessimistic.inverse_harmonic_mean_rank	user_attrs_tail.pessimistic.inverse_median_rank	user_attrs_tail.pessimistic.median_absolute_deviation	user_attrs_tail.pessimistic.median_rank	user_attrs_tail.pessimistic.standard_deviation	user_attrs_tail.pessimistic.variance	user_attrs_tail.pessimistic.z_arithmetic_mean_rank	user_attrs_tail.pessimistic.z_geometric_mean_rank	user_attrs_tail.pessimistic.z_hits_at_k	user_attrs_tail.pessimistic.z_inverse_harmonic_mean_rank	user_attrs_tail.realistic.adjusted_arithmetic_mean_rank	user_attrs_tail.realistic.adjusted_arithmetic_mean_rank_index	user_attrs_tail.realistic.adjusted_geometric_mean_rank_index	user_attrs_tail.realistic.adjusted_hits_at_k	user_attrs_tail.realistic.adjusted_inverse_harmonic_mean_rank	user_attrs_tail.realistic.arithmetic_mean_rank	user_attrs_tail.realistic.count	user_attrs_tail.realistic.geometric_mean_rank	user_attrs_tail.realistic.harmonic_mean_rank	user_attrs_tail.realistic.hits_at_1	user_attrs_tail.realistic.hits_at_10	user_attrs_tail.realistic.hits_at_3	user_attrs_tail.realistic.hits_at_5	user_attrs_tail.realistic.inverse_arithmetic_mean_rank	user_attrs_tail.realistic.inverse_geometric_mean_rank	user_attrs_tail.realistic.inverse_harmonic_mean_rank	user_attrs_tail.realistic.inverse_median_rank	user_attrs_tail.realistic.median_absolute_deviation	user_attrs_tail.realistic.median_rank	user_attrs_tail.realistic.standard_deviation	user_attrs_tail.realistic.variance	user_attrs_tail.realistic.z_arithmetic_mean_rank	user_attrs_tail.realistic.z_geometric_mean_rank	user_attrs_tail.realistic.z_hits_at_k	user_attrs_tail.realistic.z_inverse_harmonic_mean_rank	state
0	0.07017123699188232	2025-05-28 00:32:11.722375	2025-05-28 00:33:03.005995	0 days 00:00:51.283620	0.4153322825929511	256	1	0.000618855531837529	0.00023073294332116452	2048	100	0.13375510256304893	0.8669000721448663	0.9312664070303338	0.1112939914949249	0.06718822292044908	176.97921891795056	5582.0	67.9418618868252	14.25085122647474	0.03618774632748119	0.11465424579003941	0.06252239340738086	0.07882479398065209	0.005650380909770037	0.014718466233170937	0.07017124690364	0.010101010101010102	96.36914420286412	99.0	348.34573268316774	121344.74947857297	112.12871106530456	70.01747584355755	134.9699851267373	202.33323328769794	0.13375523795668529	0.8668999366488265	0.9312662839023621	0.1112939914949249	0.06718820547509971	176.9793980652096	5582.0	67.94198180512595	14.250854758065262	0.03618774632748119	0.11465424579003941	0.06252239340738086	0.07882479398065209	0.0056503751901763235	0.01471844025492577	0.07017122951407884	0.010101010101010102	96.36914420286412	99.0	348.34569386566346	121344.72243475054	112.12869353964412	70.0174665861531	134.9699851267373	202.3331807520929	0.1337551707061108	0.8669000039502652	0.9312663500113684	0.1112939914949249	0.06718821297689306	176.97930908203125	5582.0	67.9419174194336	14.250853239421785	0.03618774632748119	0.11465424579003941	0.06252239340738086	0.07882479398065209	0.005650377832353115	0.014718454331159592	0.07017123699188232	0.010101010091602802	96.36914420286412	99.0	348.3457336425781	121344.7421875	112.12870224471153	70.01747155657372	134.9699851267373	202.3332033432858	0.15136411378978054	0.8492801242485214	0.9135867986543142	0.06200758955410337	0.02927493227848947	199.53887495521317	2791.0	84.85091055102936	30.873975231153484	0.006091006807595844	0.06556789681117879	0.016481547832318165	0.030096739519885347	0.005011554767082112	0.011785377357837542	0.032389739011999555	0.009523809523809525	91.92133754734732	105.0	399.9102853225011	159928.23630672425	77.6697000967805	48.57690184854562	53.07074930823833	62.219206049101544	0.15136438558109047	0.8492798522508824	0.9135864899752184	0.06200758955410337	0.029274897387410667	199.53923324973127	2791.0	84.85121007729221	30.874008382730086	0.006091006807595844	0.06556789681117879	0.016481547832318165	0.030096739519885347	0.005011545768287384	0.011785335755248339	0.03238970423287724	0.009523809523809525	91.92133754734732	105.0	399.9101974856517	159928.16605301294	77.66967522162513	48.576885435574056	53.07074930823833	62.21913189367052	0.15136424448069166	0.8492799934583969	0.9135866535728786	0.06200758955410337	0.029274915978680066	199.53904724121094	2791.0	84.8510513305664	30.873990718323547	0.006091006807595844	0.06556789681117879	0.016481547832318165	0.030096739519885347	0.0050115506164729595	0.011785358190536499	0.032389722764492035	0.009523809887468815	91.92133754734732	105.0	399.91021728515625	159928.1875	77.66968813555657	48.57689413432878	53.07074930823833	62.219171406452645	73581943.0		0.11627571307011479	0.8843902200639506	0.9453796379911887	0.1605789484907585	0.10510068758099428	154.41956288068792	2791.0	54.40244031173129	9.263311546763035	0.06628448584736654	0.16374059476890004	0.10856323898244356	0.12755284844141884	0.006475863429121664	0.01838152837023307	0.10795275479528045	0.010869565217391304	102.29955307688654	92.0	285.908003542018	81743.38648938257	80.89362091397585	50.26561631942569	137.96928715269928	224.23235710227382	0.11627571307011479	0.8843902200639506	0.9453796379911887	0.1605789484907585	0.10510068758099428	154.41956288068792	2791.0	54.40244031173129	9.263311546763035	0.06628448584736654	0.16374059476890004	0.10856323898244356	0.12755284844141884	0.006475863429121664	0.01838152837023307	0.10795275479528045	0.010869565217391304	102.29955307688654	92.0	285.908003542018	81743.38648938257	80.89362091397585	50.26561631942569	137.96928715269928	224.23235710227382	0.11627570763609948	0.8843902255020608	0.9453796470161203	0.1605789484907585	0.1051006914679549	154.4195556640625	2791.0	54.40243148803711	9.263311214290063	0.06628448584736654	0.16374059476890004	0.10856323898244356	0.12755284844141884	0.006475863512605429	0.018381532281637192	0.10795275866985321	0.010869565419852734	102.29955307688654	92.0	285.9079895019531	81743.3828125	80.89362141139024	50.26561679927921	137.96928715269928	224.23236539510577	COMPLETE
1	0.07049818336963654	2025-05-28 00:33:03.006996	2025-05-28 00:35:18.372490	0 days 00:02:15.365494	2.823839611470753	192	1	0.00019723374432717086	0.0002207002599184704	128	100	0.1778709526695665	0.8227508555050583	0.9281022193128934	0.1098553739174177	0.06751621276826629	235.3514869222501	5582.0	71.02356630548346	14.18476176623981	0.03654604084557506	0.11322106771766392	0.06359727696166248	0.07810820494446435	0.004248964020058885	0.014079833666741596	0.07049818787792632	0.01	96.36914420286412	100.0	534.6513710515462	285852.0885672982	106.41825502148811	69.77957567299643	133.22532496646204	203.32095469942468	0.17787135885047556	0.8227504490169388	0.9281021909742426	0.1098553739174177	0.06751621245661936	235.35202436402724	5582.0	71.023593905409	14.184761828744971	0.03654604084557506	0.11322106771766392	0.06359727696166248	0.07810820494446435	0.0042489543172709865	0.014079828195287119	0.07049818756727601	0.01	96.36914420286412	100.0	534.6527386318825	285853.550926572	106.41820244450679	69.77957354234854	133.22532496646204	203.32095376091897	0.17787115970597203	0.8227506483120631	0.9281022105611366	0.1098553739174177	0.06751620824551326	235.3517608642578	5582.0	71.02357482910156	14.184762673341432	0.03654604084557506	0.11322106771766392	0.06359727696166248	0.07810820494446435	0.004248959012329578	0.014079831540584564	0.07049818336963654	0.009999999776482582	96.36914420286412	100.0	534.6520385742188	285852.8125	106.41822822222457	69.77957501499361	133.22532496646204	203.32094107942993	0.2203431175034011	0.7802487554408026	0.9070657547235944	0.0558933752222091	0.028146242374113783	290.4718738803296	2791.0	91.17859501149431	31.98498416778581	0.004657828735220351	0.059476890003582944	0.017198136868505912	0.0293801504836976	0.003442674110375265	0.010967486391668311	0.03126467078283459	0.009523809523809525	91.92133754734732	105.0	655.2215620909574	429315.29542891425	71.35653491196004	48.230167294763504	47.837745762088936	59.82035541956509	0.22034338929471103	0.7802484834431637	0.9070657413821731	0.0558933752222091	0.028146242317668282	290.4722321748477	2791.0	91.17860795732095	31.98498422534648	0.004657828735220351	0.059476890003582944	0.017198136868505912	0.0293801504836976	0.0034426698638720726	0.010967484834469965	0.03126467072657021	0.009523809523809525	91.92133754734732	105.0	655.2227831755077	429316.8955922585	71.35651003680466	48.23016658537835	47.837745762088936	59.82035529959916	0.2203432479910991	0.7802486248540456	0.9070657610556571	0.0558933752222091	0.028146245519858726	290.4720458984375	2791.0	91.1785888671875	31.98498095989215	0.004657828735220351	0.059476890003582944	0.017198136868505912	0.0293801504836976	0.0034426720812916756	0.010967487469315529	0.03126467391848564	0.009523809887468815	91.92133754734732	105.0	655.2221069335938	429316.03125	71.35652296933478	48.23016763144961	47.837745762088936	59.82036210534494	789705762.0		0.13571142978779885	0.8649398575026046	0.944437258420801	0.16381579059169388	0.1068853254456846	180.23109996417054	2791.0	55.32380675654741	9.113136447172586	0.06843425295592978	0.1669652454317449	0.10999641705481907	0.1268362594052311	0.0055484319864817855	0.018075401145125517	0.10973170497301804	0.010638297872340425	103.78215529539213	94.0	369.20504816275917	136312.36758886534	79.11453039490257	50.215510216005654	140.75037895513813	228.03988266831823	0.13571196936905142	0.8649393175147491	0.9444372224764384	0.16381579059169388	0.10688532487884182	180.23181655320673	2791.0	55.32384189942465	9.113136494098425	0.06843425295592978	0.1669652454317449	0.10999641705481907	0.1268362594052311	0.005548409926306143	0.018075389663247513	0.1097317044079818	0.010638297872340425	103.78215529539213	94.0	369.20689544301484	136313.7316426693	79.11448100316134	50.21550830485223	140.75037895513813	228.03988145895892	0.13571170131978005	0.8649395857660097	0.9444372428077246	0.16381579059169388	0.10688531699180155	180.23146057128906	2791.0	55.323822021484375	9.113137147023762	0.06843425295592978	0.1669652454317449	0.10999641705481907	0.1268362594052311	0.005548420827835798	0.01807539537549019	0.10973169654607773	0.010638297535479069	103.78215529539213	94.0	369.2059631347656	136313.046875	79.11450553963326	50.215509385862	140.75037895513813	228.03986463195548	COMPLETE
2	0.07071992754936218	2025-05-28 00:35:18.373489	2025-05-28 00:38:34.555549	0 days 00:03:16.182060	0.8012991834501579	192	4	0.00012389798541116451	0.0002726773918040052	16	50	0.15366906938470296	0.8469710436155654	0.9312308358013686	0.10751762035396849	0.06773866123865038	203.32855607309207	5582.0	67.97650585338732	14.140286492498365	0.036725188104622	0.11089215335005374	0.0646721605159441	0.07846649946255822	0.004918148337415638	0.014710965023074502	0.07071992498387604	0.010416666666666666	94.88654198435853	96.0	471.71557485345636	222515.58355932677	109.5510018764642	70.01480141264713	130.3902522060147	203.99084469347923	0.15366906938470296	0.8469710436155654	0.9312308358013686	0.10751762035396849	0.06773866123865038	203.32855607309207	5582.0	67.97650585338732	14.140286492498365	0.036725188104622	0.11089215335005374	0.0646721605159441	0.07846649946255822	0.004918148337415638	0.014710965023074502	0.07071992498387604	0.010416666666666666	94.88654198435853	96.0	471.71557485345636	222515.58355932677	109.5510018764642	70.01480141264713	130.3902522060147	203.99084469347923	0.15366906649238285	0.846971046510073	0.9312308481409725	0.10751762035396849	0.06773866381236697	203.32855224609375	5582.0	67.97649383544922	14.140285979535324	0.036725188104622	0.11089215335005374	0.0646721605159441	0.07846649946255822	0.004918148275464773	0.014710967428982258	0.07071992754936218	0.010416666977107525	94.88654198435853	96.0	471.715576171875	222515.578125	109.55100225085269	70.01480234040305	130.3902522060147	203.9908524440697	0.2043960341842802	0.7962079449150381	0.9101850412847486	0.04977916089031484	0.027869546154341614	269.4493013256897	2791.0	88.15180032793606	32.26965826529679	0.005016123253314225	0.053385883195987104	0.017556431386599784	0.02723038337513436	0.003711273308485133	0.011344067804399583	0.030988862409968964	0.009708737864077669	91.92133754734732	103.0	625.5722707390742	391340.66591764154	72.81605977879754	48.396024854594565	42.60474221593956	59.23228167281002	0.2043960341842802	0.7962079449150381	0.9101850412847486	0.04977916089031484	0.027869546154341614	269.4493013256897	2791.0	88.15180032793606	32.26965826529679	0.005016123253314225	0.053385883195987104	0.017556431386599784	0.02723038337513436	0.003711273308485133	0.011344067804399583	0.030988862409968964	0.009708737864077669	91.92133754734732	103.0	625.5722707390742	391340.66591764154	72.81605977879754	48.396024854594565	42.60474221593956	59.23228167281002	0.2043960409939929	0.7962079381001558	0.9101850159090834	0.04977916089031484	0.02786954648344192	269.4493103027344	2791.0	88.15182495117188	32.26965792369414	0.005016123253314225	0.053385883195987104	0.017556431386599784	0.02723038337513436	0.00371127319522202	0.011344064958393574	0.03098886273801327	0.009708737954497337	91.92133754734732	103.0	625.5723266601562	391340.71875	72.81605915555221	48.396023505329005	42.60474221593956	59.2322823722603	729031006.0		0.10331551096456083	0.8973601883693635	0.9474085905925227	0.16525438708099846	0.1076069077318263	137.20781082049444	2791.0	52.41872917904805	9.053789577724183	0.06843425295592978	0.16839842350412038	0.11178788964528842	0.12970261554998208	0.007288214818238555	0.0190771507753321	0.1104509875577831	0.011111111111111112	102.29955307688654	90.0	212.0061208915774	44946.59529549413	82.07996114655835	50.373495259155824	141.98641975622206	229.5793787514443	0.10331551096456083	0.8973601883693635	0.9474085905925227	0.16525438708099846	0.1076069077318263	137.20781082049444	2791.0	52.41872917904805	9.053789577724183	0.06843425295592978	0.16839842350412038	0.11178788964528842	0.12970261554998208	0.007288214818238555	0.0190771507753321	0.1104509875577831	0.011111111111111112	102.29955307688654	90.0	212.0061208915774	44946.59529549413	82.07996114655835	50.373495259155824	141.98641975622206	229.5793787514443	0.10331550993127459	0.8973601894034283	0.9474085724180757	0.16525438708099846	0.10760691068150988	137.2078094482422	2791.0	52.41874694824219	9.053789336705952	0.06843425295592978	0.16839842350412038	0.11178788964528842	0.12970261554998208	0.00728821475058794	0.01907714456319809	0.11045099049806596	0.011111111380159855	102.29955307688654	90.0	212.00613403320312	44946.59765625	82.07996124114244	50.373494292824695	141.98641975622206	229.57938504459534	COMPLETE
3	0.07021074742078781	2025-05-28 00:38:34.556548	2025-05-28 00:41:40.488859	0 days 00:03:05.932311	1.4427395626597959	192	1	0.00019505102159864503	0.00027543958149843414	512	150	0.1689022074104593	0.831726384175038	0.9250901814124296	0.10230263163550488	0.06722785076669736	223.48441418846292	5582.0	73.95708711269215	14.242833585097758	0.03851666069509137	0.10569688283769259	0.06431386599785023	0.07631673235399498	0.004474584966612959	0.013521354599542968	0.07021074802462746	0.009708737864077669	94.88654198435853	103.0	471.762064377679	222559.44538588935	107.57918982035652	69.55311492090281	124.06585912501689	202.45257012845852	0.168902478197732	0.8317261131829583	0.9250901676270605	0.10230263163550488	0.06722785066889136	223.48477248298101	5582.0	73.95710053870748	14.24283360487507	0.03851666069509137	0.10569688283769259	0.06431386599785023	0.07631673235399498	0.004474577792883642	0.013521352144904904	0.07021074792713422	0.009708737864077669	94.88654198435853	103.0	471.7634891743547	222560.78971796148	107.57915476903564	69.55311388444672	124.06585912501689	202.4525698339217	0.16890233924241002	0.8317262522433777	0.92509019176872	0.10230263163550488	0.06722785016092052	223.48458862304688	5582.0	73.95707702636719	14.242833707591648	0.03851666069509137	0.10569688283769259	0.06431386599785023	0.07631673235399498	0.0044745816849172115	0.013521356508135796	0.07021074742078781	0.009708737954497337	94.88654198435853	103.0	471.7627868652344	222560.125	107.57917275572876	69.55311569954286	124.06585912501689	202.4525683041985	0.1764477337836734	0.8241774621396285	0.9064021827961418	0.047261543224240726	0.026180677090819567	232.60587603009674	2791.0	91.82249096103112	34.12338933166508	0.0032246506628448583	0.05087782156932999	0.017556431386599784	0.026872088857040486	0.004299117533344732	0.010890578000376766	0.029305412492306025	0.00909090909090909	90.43873532884172	110.0	486.27087275024604	236459.36168528599	75.37397200664803	48.19488409185734	40.449976049878046	55.64285945814475	0.1764482773662933	0.8241769181443503	0.9064021484388631	0.047261543224240726	0.02618067689520542	232.60659261913293	2791.0	91.82252429956118	34.12338955870844	0.0032246506628448583	0.05087782156932999	0.017556431386599784	0.026872088857040486	0.0042991042890920435	0.010890574046272207	0.029305412297319554	0.00909090909090909	90.43873532884172	110.0	486.27362387496856	236462.03727649437	75.37392225633727	48.194882265024724	40.449976049878046	55.64285904239804	0.1764480035760299	0.8241771921424603	0.9064021791419854	0.047261543224240726	0.02618067609804692	232.60623168945312	2791.0	91.82249450683594	34.123390483945975	0.0032246506628448583	0.05087782156932999	0.017556431386599784	0.026872088857040486	0.004299110732972622	0.010890577919781208	0.02930541150271893	0.00909090880304575	90.43873532884172	110.0	486.27227783203125	236460.71875	75.37394731444286	48.194883897559876	40.449976049878046	55.642857348164604	1899930566.0		0.16141222442910952	0.839219695949038	0.9400966199134864	0.15734210638982313	0.10827413018618125	214.3629523468291	2791.0	59.567657955561394	8.99959724991102	0.07380867072733788	0.1605159441060552	0.11107130060910068	0.12576137585094949	0.004664985199410985	0.016787633328576038	0.11111608355694885	0.010309278350515464	103.78215529539213	97.0	456.61047617661603	208493.12695423604	76.76195236841785	49.98471947224306	135.18819535026043	231.00289811268803	0.16141222442910952	0.839219695949038	0.9400966199134864	0.15734210638982313	0.10827413018618125	214.3629523468291	2791.0	59.567657955561394	8.99959724991102	0.07380867072733788	0.1605159441060552	0.11107130060910068	0.12576137585094949	0.004664985199410985	0.016787633328576038	0.11111608355694885	0.010309278350515464	103.78215529539213	97.0	456.61047617661603	208493.12695423604	76.76195236841785	49.98471947224306	135.18819535026043	231.00289811268803	0.16141221931619512	0.8392197010658052	0.9400966399178879	0.15734210638982313	0.10827413557319308	214.36294555664062	2791.0	59.5676383972168	8.999596814992662	0.07380867072733788	0.1605159441060552	0.11107130060910068	0.12576137585094949	0.004664985463023186	0.016787638887763023	0.11111608892679214	0.010309278033673763	103.78215529539213	97.0	456.6104736328125	208493.125	76.76195283643956	49.984720535872455	135.18819535026043	231.00290960587984	COMPLETE
4	0.06837771087884903	2025-05-28 00:41:40.489858	2025-05-28 00:42:26.147875	0 days 00:00:45.658017	2.5667758975117083	256	1	0.0007398729772517661	0.0005308195674399724	4096	100	0.1712622538856789	0.8293645527048769	0.9256249322249258	0.10086401405799766	0.06538893889317568	226.60713006091007	5582.0	73.4362760581939	14.624647430734857	0.03654604084557506	0.10426370476531709	0.06162665711214618	0.07452525976352561	0.0044129238110522315	0.013617248227668289	0.06837771677821242	0.009615384615384616	96.36914420286412	104.0	512.7857023535255	262949.17653819843	107.27370003322636	69.59332028191832	122.3211989647416	196.91479923754935	0.17126266006658794	0.8293641462167574	0.9256249071145892	0.10086401405799766	0.06538893866005782	226.6076675026872	5582.0	73.43630051396012	14.624647480434737	0.03654604084557506	0.10426370476531709	0.06162665711214618	0.07452525976352561	0.004412913344991478	0.013617243692850535	0.06837771654584003	0.009615384615384616	96.36914420286412	104.0	512.7873648466476	262950.8815463689	107.27364745624504	69.59331839399199	122.3211989647416	196.91479853552912	0.1712624513650324	0.829364355076162	0.925624913232362	0.10086401405799766	0.0653889329748863	226.60739135742188	5582.0	73.43629455566406	14.624648692492652	0.03654604084557506	0.10426370476531709	0.06162665711214618	0.07452525976352561	0.004412918817251921	0.01361724454909563	0.06837771087884903	0.009615384973585606	96.36914420286412	104.0	512.7865600585938	262950.03125	107.27367447104939	69.59331885395811	122.3211989647416	196.914781414982	0.21971691032531107	0.7808754380011981	0.9023564938885609	0.04438426589158461	0.026710911709051995	289.64636331064133	2791.0	95.74821866726198	33.51886502858785	0.006449301325689717	0.04801146542457901	0.015764958796130418	0.024005732712289504	0.0034524859506953835	0.010444058531001348	0.029833945724209686	0.008849557522123894	93.40393976585293	113.0	648.8203804198986	420967.88604822196	71.41384726995837	47.97976820657661	37.987386145807754	56.76978869071588	0.219717182116621	0.780875166003559	0.9023564796585833	0.04438426589158461	0.026710911650820495	289.6467216051594	2791.0	95.74823247529775	33.51886509380184	0.006449301325689717	0.04801146542457901	0.015764958796130418	0.024005732712289504	0.003452481679952103	0.010444057024843688	0.029833945666165037	0.008849557522123894	93.40393976585293	113.0	648.8215924706465	420969.4588561457	71.41382239480298	47.97976744994547	37.987386145807754	56.769788566954105	0.21971704846045745	0.7808752997611871	0.9023565215423048	0.04438426589158461	0.02671091423262391	289.64654541015625	2791.0	95.7481918334961	33.51886220241657	0.006449301325689717	0.04801146542457901	0.015764958796130418	0.024005732712289504	0.0034524837974458933	0.01044406183063984	0.02983394823968411	0.008849557489156723	93.40393976585293	113.0	648.8209838867188	420968.6875	71.41383462741571	47.97976967697133	37.987386145807754	56.76979405416606	1911675009.0		0.12316427713108964	0.8774964651044996	0.943414639138544	0.15734210638982313	0.10406612343528493	163.5678968111788	2791.0	56.32362373274298	9.352656984807718	0.06664278036546041	0.1605159441060552	0.10748835542816194	0.12504478681476172	0.006113669121480423	0.017754539458345674	0.10692148783221511	0.010526315789473684	100.81695085838093	95.0	311.4202581251688	96982.57717074678	80.26306124957415	50.16113778569607	135.18819535026043	222.02511410220177	0.12316481671234221	0.877495925116644	0.9434146090769557	0.15734210638982313	0.1040661230272845	163.56861340021499	2791.0	56.32365312401956	9.352657020382669	0.06664278036546041	0.1605159441060552	0.10748835542816194	0.12504478681476172	0.006113642337685096	0.0177545301935244	0.106921487425515	0.010526315789473684	100.81695085838093	95.0	311.4232803634358	96984.45955232314	80.26301185783292	50.161136187328395	135.18819535026043	222.02511323173272	0.12316454500746053	0.8774961970262698	0.9434146392157826	0.15734210638982313	0.10406612215552118	163.56825256347656	2791.0	56.32362365722656	9.352657096394692	0.06664278036546041	0.1605159441060552	0.10748835542816194	0.12504478681476172	0.006113655865192413	0.017754539847373962	0.10692148655653	0.010526316240429878	100.81695085838093	95.0	311.4217834472656	96983.5234375	80.26303672892907	50.16113778980284	135.18819535026043	222.02511137182532	COMPLETE
5	0.07241584360599518	2025-05-28 00:42:26.148858	2025-05-28 00:45:29.243880	0 days 00:03:03.095022	1.1234478431925072	256	7	0.0009827774783585852	0.0001425700671795711	32	150	0.12754175319730382	0.8731181209084006	0.9345106907270687	0.11525018983306971	0.06944001741588772	168.7579720530276	5582.0	64.7821494119607	13.809133391034223	0.03690433536366894	0.11859548548907202	0.06646363310641347	0.08294518093873164	0.005925645987768668	0.015436351048509211	0.07241584042118561	0.010416666666666666	94.88654198435853	96.0	368.7923623457878	136007.80652458683	112.93298114855793	70.2613980484722	139.7678005674943	209.11437499911048	0.12754175319730382	0.8731181209084006	0.9345106907270687	0.11525018983306971	0.06944001741588772	168.7579720530276	5582.0	64.7821494119607	13.809133391034223	0.03690433536366894	0.11859548548907202	0.06646363310641347	0.08294518093873164	0.005925645987768668	0.015436351048509211	0.07241584042118561	0.010416666666666666	94.88654198435853	96.0	368.7923623457878	136007.80652458683	112.93298114855793	70.2613980484722	139.7678005674943	209.11437499911048	0.1275417479332812	0.8731181261764045	0.9345106898475476	0.11525018983306971	0.06944002061091462	168.75796508789062	5582.0	64.78215026855469	13.809132783716018	0.03690433536366894	0.11859548548907202	0.06646363310641347	0.08294518093873164	0.005925646051764488	0.015436351299285889	0.07241584360599518	0.010416666977107525	94.88654198435853	96.0	368.7923583984375	136007.796875	112.93298182994499	70.26139798234522	139.7678005674943	209.114384620739	0.15607235465178299	0.8445683091470765	0.9176828832908637	0.061288270220939335	0.027988155987924614	205.74561089215334	2791.0	80.87628143047658	32.147010433700984	0.0017914725904693658	0.06485130777499104	0.017556431386599784	0.03296309566463633	0.004860370997290313	0.012364564521424329	0.031107091655143783	0.010101010101010102	90.43873532884172	99.0	479.5690594275297	229986.4827602055	77.23878778011169	48.79469735702503	52.45510183222075	59.48436798354669	0.15607235465178299	0.8445683091470765	0.9176828832908637	0.061288270220939335	0.027988155987924614	205.74561089215334	2791.0	80.87628143047658	32.147010433700984	0.0017914725904693658	0.06485130777499104	0.017556431386599784	0.03296309566463633	0.004860370997290313	0.012364564521424329	0.031107091655143783	0.010101010101010102	90.43873532884172	99.0	479.5690594275297	229986.4827602055	77.23878778011169	48.79469735702503	52.45510183222075	59.48436798354669	0.1560723505377544	0.8445683132642283	0.9176828908361845	0.061288270220939335	0.02798815661099566	205.74560546875	2791.0	80.87627410888672	32.14700979186662	0.0017914725904693658	0.06485130777499104	0.017556431386599784	0.03296309566463633	0.004860371351242065	0.012364565394818783	0.031107092276215553	0.010101010091602802	90.43873532884172	99.0	479.5690612792969	229986.484375	77.23878815663991	48.79469775822206	52.45510183222075	59.48436930778496	1759983800.0	105.0	0.09922116842003594	0.9014576162182111	0.9479486619347147	0.16921052742658618	0.1108909757709033	131.77033321390184	2791.0	51.89070031664626	8.793173113632237	0.07201719813686851	0.172339663203153	0.11537083482622716	0.13292726621282694	0.007588961609262285	0.019271275852856533	0.11372458918722747	0.01098901098901099	102.29955307688654	91.0	198.22451774485663	39292.95943518098	82.45474567900499	50.40221072729244	145.3855319592029	236.58593916732156	0.09922116842003594	0.9014576162182111	0.9479486619347147	0.16921052742658618	0.1108909757709033	131.77033321390184	2791.0	51.89070031664626	8.793173113632237	0.07201719813686851	0.172339663203153	0.11537083482622716	0.13292726621282694	0.007588961609262285	0.019271275852856533	0.11372458918722747	0.01098901098901099	102.29955307688654	91.0	198.22451774485663	39292.95943518098	82.45474567900499	50.40221072729244	145.3855319592029	236.58593916732156	0.09922117350413358	0.9014576111302823	0.9479486609351269	0.16921052742658618	0.11089096845762698	131.7703399658203	2791.0	51.89070129394531	8.793173677291877	0.07201719813686851	0.172339663203153	0.11537083482622716	0.13292726621282694	0.007588961161673069	0.019271275028586388	0.11372458189725876	0.010989011265337467	102.29955307688654	91.0	198.22451782226562	39292.95703125	82.45474521362107	50.40221067414459	145.3855319592029	236.58592356444376	COMPLETE
6	0.0037620924399856684	2025-05-28 00:45:29.245876	2025-05-28 00:45:31.226057	0 days 00:00:01.980181	1.1887485661709138	128	10	0.00012670890651265244	0.00016181545244986143	2048	50																																																																																																																																																																																																																																				PRUNED
7	0.007882479398065209	2025-05-28 00:45:31.227055	2025-05-28 00:45:34.615822	0 days 00:00:03.388767	2.5892564203916573	192	1	0.00022874788228304083	0.00012521110157268526	4096	50																																																																																																																																																																																																																																				PRUNED
8	0.0017914725904693658	2025-05-28 00:45:34.616819	2025-05-28 00:45:41.599349	0 days 00:00:06.982530	2.779465314597629	192	7	0.0008761651754559971	0.0008909493930625854	4096	150																																																																																																																																																																																																																																				PRUNED
9	0.003045503403797922	2025-05-28 00:45:41.600351	2025-05-28 00:45:45.613581	0 days 00:00:04.013230	1.1401388640114727	256	4	0.0005795346302402595	0.00038736422035886165	4096	150																																																																																																																																																																																																																																				PRUNED
10	0.07063231617212296	2025-05-28 00:45:45.614582	2025-05-28 00:49:50.926731	0 days 00:04:05.312149	1.971252321570737	128	10	0.00041181184055478625	0.00010881308769622492	32	150	0.10097264757449409	0.8997073217791794	0.9341934817425941	0.10410090360738887	0.06765076731797141	133.60283052669294	5582.0	65.09108946747817	14.157826209192383	0.03851666069509137	0.10748835542816194	0.06234324614833393	0.07380867072733788	0.007484871361316007	0.015363085918229033	0.0706323121377716	0.010309278350515464	93.40393976585293	97.0	182.09243249690584	33157.65397264021	116.37214665066747	70.23754861909288	126.24668432536095	203.72615751491873	0.10097278296813045	0.8997071862831396	0.9341934690256511	0.10410090360738887	0.06765076711522149	133.603009673952	5582.0	65.09110185291887	14.157826249702435	0.03851666069509137	0.10748835542816194	0.06234324614833393	0.07380867072733788	0.007484861324908954	0.01536308299496327	0.07063231193567004	0.010309278350515464	93.40393976585293	97.0	182.09322732527733	33157.94343773513	116.37212912500704	70.23754766296663	126.24668432536095	203.7261569043497	0.10097271559773126	0.8997072537044937	0.9341934917592706	0.10410090360738887	0.06765077136526554	133.60292053222656	5582.0	65.09107971191406	14.157825400530733	0.03851666069509137	0.10748835542816194	0.06234324614833393	0.07380867072733788	0.007484866306185722	0.015363087877631187	0.07063231617212296	0.010309278033673763	93.40393976585293	97.0	182.09283447265625	33157.80078125	116.37213784558485	70.23754937219897	126.24668432536095	203.726169703098	0.10764023038662178	0.8930372004371001	0.9186420681150711	0.050498480223478866	0.0276811446841934	141.89896094589753	2791.0	79.94553798336395	32.466409349427494	0.005016123253314225	0.05410247223217485	0.015406664278036546	0.026155499820852742	0.007047267952732047	0.012508515487231975	0.030801065471615936	0.009708737864077669	88.95613311033611	103.0	201.49488579827928	40600.18900286161	81.67144096842294	48.84569878034766	43.22038969195713	58.83186435400657	0.10764050217793171	0.893036928439461	0.9186420367615369	0.050498480223478866	0.027681144278689156	141.89931924041562	2791.0	79.94556840721535	32.466409775484934	0.005016123253314225	0.05410247223217485	0.015406664278036546	0.026155499820852742	0.007047250158443191	0.01250851072702795	0.03080106506741285	0.009708737864077669	88.95613311033611	103.0	201.49630762887728	40600.76198807114	81.67141609326757	48.84569711322905	43.22038969195713	58.83186349217188	0.10764036575972875	0.8930370649612253	0.9186420567502184	0.050498480223478866	0.02768114447804836	141.89913940429688	2791.0	79.94554901123047	32.466409566021106	0.005016123253314225	0.05410247223217485	0.015406664278036546	0.026155499820852742	0.007047259248793125	0.012508513405919075	0.030801065266132358	0.009708737954497337	88.95613311033611	103.0	201.49559020996094	40600.47265625	81.67142857867042	48.845698176059884	43.22038969195713	58.8318639158781	1799841380.0		0.09435414552182632	0.9063283066763828	0.9468174352821328	0.15770175551214924	0.10761951917095255	125.30670010748835	2791.0	52.99670294225678	9.052759216050601	0.07201719813686851	0.16087423862414904	0.10927982801863131	0.12146184163382301	0.00798041923649891	0.01886909834918528	0.11046355880392725	0.011111111111111112	100.81695085838093	90.0	159.92957006930868	25577.467382553914	82.90025918489174	50.342063668265645	135.4972055505314	229.6062852616377	0.09435414552182632	0.9063283066763828	0.9468174352821328	0.15770175551214924	0.10761951917095255	125.30670010748835	2791.0	52.99670294225678	9.052759216050601	0.07201719813686851	0.16087423862414904	0.10927982801863131	0.12146184163382301	0.00798041923649891	0.01886909834918528	0.11046355880392725	0.011111111111111112	100.81695085838093	90.0	159.92957006930868	25577.467382553914	82.90025918489174	50.342063668265645	135.4972055505314	229.6062852616377	0.09435414669096294	0.9063283055063651	0.9468174418997816	0.15770175551214924	0.1076195125227898	125.30670166015625	2791.0	52.99669647216797	9.05275975914746	0.07201719813686851	0.16087423862414904	0.10927982801863131	0.12146184163382301	0.00798041932284832	0.018869100138545036	0.11046355217695235	0.011111111380159855	100.81695085838093	90.0	159.9295654296875	25577.466796875	82.90025907787228	50.342064020124496	135.4972055505314	229.60627107777992	COMPLETE
11	0.07174811512231827	2025-05-28 00:49:50.928733	2025-05-28 00:52:22.962671	0 days 00:02:32.033938	0.4329553012582016	256	7	0.00010554289822672203	0.00017485670917879298	16	50	0.13895408280525867	0.8616971597116887	0.9317895787234671	0.1066184843680265	0.06877015358278907	183.85829451809389	5582.0	67.4323281099384	13.937647671199771	0.039949838767466855	0.10999641705481907	0.06108921533500537	0.07792905768541741	0.005438971369886105	0.014829682261150001	0.07174811873501166	0.01015228426395939	92.66263865660012	98.5	414.2234373585608	171581.05605714154	111.45574323006787	70.05681062585987	129.2998396058427	207.09712094293732	0.13895408280525867	0.8616971597116887	0.9317895787234671	0.1066184843680265	0.06877015358278907	183.85829451809389	5582.0	67.4323281099384	13.937647671199771	0.039949838767466855	0.10999641705481907	0.06108921533500537	0.07792905768541741	0.005438971369886105	0.014829682261150001	0.07174811873501166	0.01015228426395939	92.66263865660012	98.5	414.2234373585608	171581.05605714154	111.45574323006787	70.05681062585987	129.2998396058427	207.09712094293732	0.13895408061949105	0.8616971618991095	0.9317895874189644	0.1066184843680265	0.06877014995850562	183.85829162597656	5582.0	67.43231964111328	13.937648372994483	0.039949838767466855	0.10999641705481907	0.06108921533500537	0.07792905768541741	0.0054389713332057	0.014829684048891068	0.07174811512231827	0.010152284055948257	92.66263865660012	98.5	414.2234191894531	171581.046875	111.45574351299861	70.05681127963281	129.2998396058427	207.09711002862892	0.1698627739265704	0.8307674209387862	0.9121937062601175	0.05409507688929903	0.027976317254952778	223.92511644571837	2791.0	86.20269550883708	32.15921030958179	0.006449301325689717	0.05768541741311358	0.013256897169473307	0.025797205302758867	0.0044657786311452456	0.011600565319880105	0.031095290909617004	0.009523809523809525	87.47353089183052	105.0	527.1420600452691	277878.75146877003	75.97664727122415	48.502828851214076	46.29862707204501	59.45920664212571	0.1698627739265704	0.8307674209387862	0.9121937062601175	0.05409507688929903	0.027976317254952778	223.92511644571837	2791.0	86.20269550883708	32.15921030958179	0.006449301325689717	0.05768541741311358	0.013256897169473307	0.025797205302758867	0.0044657786311452456	0.011600565319880105	0.031095290909617004	0.009523809523809525	87.47353089183052	105.0	527.1420600452691	277878.75146877003	75.97664727122415	48.502828851214076	46.29862707204501	59.45920664212571	0.16986276893333405	0.8307674259358131	0.9121936803588504	0.05409507688929903	0.02797631690074925	223.92510986328125	2791.0	86.20272064208984	32.15921067472889	0.006449301325689717	0.05768541741311358	0.013256897169473307	0.025797205302758867	0.004465778823941946	0.011600562371313572	0.031095290556550026	0.009523809887468815	87.47353089183052	105.0	527.14208984375	277878.78125	75.9766477282201	48.502827474001414	46.29862707204501	59.45920588932253	1481661117.0		0.10827291372257644	0.8923990499453667	0.9470706345277529	0.15914035200145388	0.10956310117345539	143.79147259046937	2791.0	52.749149518882994	8.896722230560414	0.073450376209244	0.16230741669652454	0.10892153350053745	0.13006091006807596	0.0069545153268447775	0.018957651623217598	0.11240094656040632	0.01098901098901099	100.81695085838093	91.0	249.14385444307675	62072.66020675301	81.62617452401571	50.35552621349218	136.73324635161535	233.75291820642138	0.10827291372257644	0.8923990499453667	0.9470706345277529	0.15914035200145388	0.10956310117345539	143.79147259046937	2791.0	52.749149518882994	8.896722230560414	0.073450376209244	0.16230741669652454	0.10892153350053745	0.13006091006807596	0.0069545153268447775	0.018957651623217598	0.11240094656040632	0.01098901098901099	100.81695085838093	91.0	249.14385444307675	62072.66020675301	81.62617452401571	50.35552621349218	136.73324635161535	233.75291820642138	0.10827291432361147	0.8923990493438787	0.9470706269252105	0.15914035200145388	0.10956311109656713	143.79147338867188	2791.0	52.7491569519043	8.89672144763284	0.073450376209244	0.16230741669652454	0.10892153350053745	0.13006091006807596	0.006954515352845192	0.018957648426294327	0.11240095645189285	0.010989011265337467	100.81695085838093	91.0	249.1438446044922	62072.65625	81.62617446899866	50.355525809266766	136.73324635161535	233.75293937738408	COMPLETE
12	0.056550320237874985	2025-05-28 00:52:22.964670	2025-05-28 00:54:58.245545	0 days 00:02:35.280875	0.021573624524798607	256	7	0.0003478151354762301	0.00016697261323186732	16	50	0.15589521155357228	0.8447432177287895	0.9240853532612302	0.09151299980420086	0.053523657237217505	206.27409530634182	5582.0	74.93572164075	17.683347470510956	0.024543174489430313	0.0949480472948764	0.04765317090648513	0.0627015406664278	0.004847918486879702	0.01334477039927778	0.056550378918223294	0.01020408163265306	93.40393976585293	98.0	435.47912568360766	189642.06890615934	109.26284496750924	69.47756668865433	110.98090792295235	161.18322758753402	0.1558953469472086	0.8447430822327497	0.924084995218368	0.09151299980420086	0.0535235359673193	206.27427445360087	5582.0	74.93607035023538	17.68338527051567	0.024543174489430313	0.0949480472948764	0.04765317090648513	0.0627015406664278	0.004847914276508286	0.013344708300371383	0.056550258036132166	0.01020408163265306	93.40393976585293	98.0	435.4790566647133	189642.0087935886	109.2628274418488	69.47753976912061	110.98090792295235	161.18286239063582	0.15589527947764414	0.844743149753344	0.924085195859915	0.09151299980420086	0.05352359836861423	206.27418518066406	5582.0	74.93587493896484	17.683365819920553	0.024543174489430313	0.0949480472948764	0.04765317090648513	0.0627015406664278	0.004847916308790445	0.01334474328905344	0.056550320237874985	0.010204081423580647	93.40393976585293	98.0	435.4790954589844	189642.046875	109.26283617526278	69.4775548544008	110.98090792295235	161.18305030832758	0.1829834994136782	0.8176367349131408	0.9097352276226196	0.0558933752222091	0.030270965851312427	241.2217843067001	2791.0	88.58827628948421	29.95574646296854	0.006449301325689717	0.059476890003582944	0.021139376567538518	0.03367968470082408	0.004145562569624953	0.011288175387138716	0.0333825765696143	0.00980392156862745	90.43873532884172	102.0	510.93534748933763	261054.9293140502	74.77579914519592	48.372107527694084	47.837745762088936	64.33611677359978	0.18298377120498813	0.8176364629155017	0.9097343779444967	0.0558933752222091	0.03027072330887396	241.2221426012182	2791.0	88.58910077328022	29.955963410842006	0.006449301325689717	0.059476890003582944	0.021139376567538518	0.03367968470082408	0.0041455564120959345	0.01128807032999724	0.03338233480543205	0.00980392156862745	90.43873532884172	102.0	510.9352053301023	261054.7840457138	74.77577427004053	48.372062348920885	47.837745762088936	64.33560128827565	0.18298363997494022	0.8176365942451724	0.9097348152314023	0.0558933752222091	0.030270841908384555	241.2219696044922	2791.0	88.58867645263672	29.955857326286228	0.006449301325689717	0.059476890003582944	0.021139376567538518	0.03367968470082408	0.004145559389144182	0.01128812413662672	0.03338245302438736	0.009803921915590763	90.43873532884172	102.0	510.935302734375	261054.875	74.77578628060789	48.37208560017969	47.837745762088936	64.33585335264652	301594692.0		0.12900632335269888	0.8716500165911267	0.936189972281197	0.1271315801144262	0.07677584203847658	171.3264063059835	2791.0	63.387195383172056	12.544189846138172	0.042637047653170904	0.13041920458616982	0.07416696524543175	0.09172339663203152	0.0058368118584944334	0.015776056882704084	0.0797181812668323	0.010752688172043012	97.85174642136973	93.0	340.27419321091173	115786.52656533687	79.72829686728636	49.777003922755334	109.23133852749775	163.801288317286	0.12900632335269888	0.8716500165911267	0.936189972281197	0.1271315801144262	0.07677584203847658	171.3264063059835	2791.0	63.387195383172056	12.544189846138172	0.042637047653170904	0.13041920458616982	0.07416696524543175	0.09172339663203152	0.0058368118584944334	0.015776056882704084	0.0797181812668323	0.010752688172043012	97.85174642136973	93.0	340.27419321091173	115786.52656533687	79.72829686728636	49.777003922755334	109.23133852749775	163.801288317286	0.12900631917427047	0.8716500207727038	0.9361899720725586	0.1271315801144262	0.07677584824278015	171.32640075683594	2791.0	63.3871955871582	12.544188872960975	0.042637047653170904	0.13041920458616982	0.07416696524543175	0.09172339663203152	0.005836811847984791	0.015776056796312332	0.07971818745136261	0.01075268816202879	97.85174642136973	93.0	340.2742004394531	115786.5234375	79.72829724976788	49.77700391166208	109.23133852749775	163.80130155417007	COMPLETE
13	0.06485130777499104	2025-05-28 00:54:58.247544	2025-05-28 00:55:23.769540	0 days 00:00:25.521996	0.5864616308234124	256	7	0.0001061634951378215	0.0001693009301546909	32	100																																																																																																																																																																																																																																				PRUNED
14	0.07100601494312286	2025-05-28 00:55:23.769540	2025-05-28 00:56:23.642346	0 days 00:00:59.872806	1.870471906322633	256	7	0.00044835252525240386	0.00010259142321195495	256	100	0.15471132959732647	0.845927995101005	0.930633259663616	0.10715796595959169	0.06802566628300612	204.7076316732354	5582.0	68.55850451738768	14.083314479213017	0.03851666069509137	0.11053385883195987	0.06216409888928699	0.07703332139018274	0.004885015726215084	0.014586082456719603	0.07100601221935367	0.010416666666666666	93.40393976585293	96.0	460.46959246501416	212032.2455848962	109.41608934239684	69.9698725153156	129.9540871659459	204.8551428706037	0.15471146499096283	0.8459278596049653	0.9306332547519103	0.10715796595959169	0.06802566625574269	204.70781082049444	5582.0	68.55850930105616	14.083314484603148	0.03851666069509137	0.11053385883195987	0.06216409888928699	0.07703332139018274	0.0048850114511599495	0.014586081438976018	0.07100601219217742	0.010416666666666666	93.40393976585293	96.0	460.4705117164584	212033.0921604171	109.4160718167364	69.9698721460279	129.9540871659459	204.85514278850152	0.1547113947612986	0.8459279298877469	0.9306332385450404	0.10715796595959169	0.06802566901551356	204.7077178955078	5582.0	68.55852508544922	14.083313938981346	0.03851666069509137	0.11053385883195987	0.06216409888928699	0.07703332139018274	0.004885013680905104	0.014586078003048897	0.07100601494312286	0.010416666977107525	93.40393976585293	96.0	460.4700622558594	212032.671875	109.41608090742399	69.9698709275107	129.9540871659459	204.8551510993831	0.1813486746844197	0.8192728007120897	0.9134036661146966	0.05337575755613499	0.02873982586339631	239.06664278036547	2791.0	85.02861291547516	31.39091616168846	0.006091006807595844	0.05696882837692583	0.015764958796130418	0.028663561447509853	0.004182934048723463	0.01176074694990115	0.031856349615576554	0.01	87.47353089183052	100.0	560.9181676762238	314629.19082925224	74.92542320481394	48.56716439238339	45.68297959602743	61.08192258821575	0.18134894647572963	0.8192725287144507	0.9134036538863666	0.05337575755613499	0.02873982580886887	239.06700107488356	2791.0	85.02862478121553	31.390916215246822	0.006091006807595844	0.05696882837692583	0.015764958796130418	0.028663561447509853	0.0041829277796761564	0.011760745308689497	0.03185634956122408	0.01	87.47353089183052	100.0	560.919654994313	314630.85935893905	74.92539832965855	48.56716374218312	45.68297959602743	61.081922472326355	0.18134880778071044	0.8192726675147596	0.9134036531576946	0.05337575755613499	0.028739826851710448	239.0668182373047	2791.0	85.02862548828125	31.390915190938905	0.006091006807595844	0.05696882837692583	0.015764958796130418	0.028663561447509853	0.004182931035757065	0.011760745197534561	0.03185635060071945	0.009999999776482582	87.47353089183052	100.0	560.9188842773438	314630.0	74.92541102344245	48.56716370343844	45.68297959602743	61.08192468872005	1238493619.0		0.12827006473356284	0.8723868300201927	0.9444834256975843	0.16093859761308463	0.10731065081874284	170.34862056610532	2791.0	55.278668915052	9.0780615851669	0.07094231458258689	0.1640988892869939	0.10856323898244356	0.1254030813328556	0.005870314632879231	0.018090160628446445	0.11015567482313077	0.010869565217391304	100.81695085838093	92.0	327.221969085238	107074.21705202048	79.79569189819351	50.21796491941585	138.27829735297024	228.94731451421129	0.12827006473356284	0.8723868300201927	0.9444834256975843	0.16093859761308463	0.10731065081874284	170.34862056610532	2791.0	55.278668915052	9.0780615851669	0.07094231458258689	0.1640988892869939	0.10856323898244356	0.1254030813328556	0.005870314632879231	0.018090160628446445	0.11015567482313077	0.010869565217391304	100.81695085838093	92.0	327.221969085238	107074.21705202048	79.79569189819351	50.21796491941585	138.27829735297024	228.94731451421129	0.12827006246527314	0.8723868322901918	0.9444834154910077	0.16093859761308463	0.10731066276980732	170.34861755371094	2791.0	55.27867889404297	9.078060603404323	0.07094231458258689	0.1640988892869939	0.10856323898244356	0.1254030813328556	0.005870314780622721	0.018090156838297844	0.11015568673610689	0.010869565419852734	100.81695085838093	92.0	327.2219543457031	107074.2109375	79.79569210582633	50.217964376734535	138.27829735297024	228.9473400118119	COMPLETE
15	0.0007165890361877463	2025-05-28 00:56:23.643346	2025-05-28 00:56:26.386561	0 days 00:00:02.743215	0.008866760912521643	256	10	0.0002662080773434461	0.0003898663023627299	1024	150																																																																																																																																																																																																																																				PRUNED
16	0.048907201719813685	2025-05-28 00:56:26.387565	2025-05-28 00:56:37.585204	0 days 00:00:11.197639	0.8303306625157072	256	4	0.0001578132305895361	0.00014248317715859118	64	50																																																																																																																																																																																																																																				PRUNED
17	0.06986778974533081	2025-05-28 00:56:37.586203	2025-05-28 00:59:51.162550	0 days 00:03:13.576347	0.4042051705718668	128	7	0.0009662959422838903	0.00020139377886212975	32	100	0.12847258444721116	0.8721865856346149	0.9315899443777349	0.10086401405799766	0.06688379030398449	169.98960945897528	5582.0	67.62675843465277	14.312747420459893	0.03797921891795056	0.10426370476531709	0.06216409888928699	0.0754209960587603	0.005882712497444361	0.014787046180341358	0.06986778782740989	0.010101010101010102	94.88654198435853	99.0	358.66296295489417	128639.12099558378	112.81249223303273	70.04180107233756	122.3211989647416	201.4164530406531	0.1284727198408475	0.8721864501385751	0.9315899275107253	0.10086401405799766	0.0668837899735561	169.98978860623433	5582.0	67.62677486197714	14.312747487933251	0.03797921891795056	0.10426370476531709	0.06216409888928699	0.0754209960587603	0.00588270629782597	0.014787042588397125	0.06986778749803817	0.010101010101010102	94.88654198435853	99.0	358.6632464184385	128639.32433141355	112.81247470737229	70.04179980418762	122.3211989647416	201.41645204558816	0.1284726531150225	0.8721865169148674	0.9315899168155837	0.10086401405799766	0.06688379222805838	169.9897003173828	5582.0	67.62678527832031	14.312747027564715	0.03797921891795056	0.10426370476531709	0.06216409888928699	0.0754209960587603	0.005882709287106991	0.014787040650844574	0.06986778974533081	0.010101010091602802	94.88654198435853	99.0	358.6630859375	128639.21875	112.81248334451494	70.04179900007097	122.3211989647416	201.4164588348842	0.14683226548792588	0.8538154128822161	0.9168288712065796	0.05157745922322492	0.029287042019877182	193.56467216051595	2791.0	81.70497067903636	30.86247352228221	0.00573271228950197	0.05517735578645647	0.018631314940881404	0.028663561447509853	0.005166231982511444	0.012239157442798975	0.032401809896345994	0.010101010101010102	87.47353089183052	99.0	433.4281311245458	187859.94485011647	78.0844684376069	48.74928814001703	44.143860905983495	62.24494337574795	0.14683226548792588	0.8538154128822161	0.9168288712065796	0.05157745922322492	0.029287042019877182	193.56467216051595	2791.0	81.70497067903636	30.86247352228221	0.00573271228950197	0.05517735578645647	0.018631314940881404	0.028663561447509853	0.005166231982511444	0.012239157442798975	0.032401809896345994	0.010101010101010102	87.47353089183052	99.0	433.4281311245458	187859.94485011647	78.0844684376069	48.74928814001703	44.143860905983495	62.24494337574795	0.14683226138219166	0.8538154169910671	0.9168288705527524	0.05157745922322492	0.029287043459661627	193.56466674804688	2791.0	81.70497131347656	30.86247215529913	0.00573271228950197	0.05517735578645647	0.018631314940881404	0.028663561447509853	0.005166232120245695	0.012239157222211361	0.032401811331510544	0.010101010091602802	87.47353089183052	99.0	433.4281311035156	187859.953125	78.084468813376	48.74928810525196	44.143860905983495	62.24494643578049	1618292617.0		0.11024805089762038	0.8904224243996751	0.9437719307663711	0.15014912394330004	0.10447971950288978	146.4145467574346	2791.0	55.974298973125954	9.3167326510302	0.07022572554639914	0.1533500537441777	0.10569688283769259	0.12217843067001075	0.006829922450647632	0.01786534210066863	0.10733376575847378	0.010101010101010102	100.81695085838093	99.0	261.35556236339784	68306.72997828794	81.44537605524647	50.18013489876767	129.00799134484072	222.9075214704295	0.11024832068824666	0.8904221544057473	0.9437719029525636	0.15014912394330004	0.10447971884204019	146.4149050519527	2791.0	55.97432616674279	9.316732708210125	0.07022572554639914	0.1533500537441777	0.10569688283769259	0.12217843067001075	0.006829905737022935	0.017865333421273968	0.10733376509973033	0.010101010101010102	100.81695085838093	99.0	261.3563726858689	68307.15354351481	81.44535135937586	50.180133419913965	129.00799134484072	222.9075200605066	0.11024818031363476	0.8904222948861389	0.9437718903058158	0.15014912394330004	0.10447971817404171	146.4147186279297	2791.0	55.97433853149414	9.316732766008608	0.07022572554639914	0.1533500537441777	0.10569688283769259	0.12217843067001075	0.006829914636909962	0.01786532998085022	0.10733376443386078	0.010101010091602802	100.81695085838093	99.0	261.35595703125	68306.9375	81.44536420887067	50.18013274748932	129.00799134484072	222.9075186353316	COMPLETE
18	0.07470440702257256	2025-05-28 00:59:51.164551	2025-05-28 01:00:39.987436	0 days 00:00:48.822885	1.9387728539613547	256	4	0.000303328040405718	0.00013181346988469264	16	100																																																																																																																																																																																																																																				PRUNED
19	0.0014331780723754925	2025-05-28 01:00:39.988436	2025-05-28 01:00:44.937523	0 days 00:00:04.949087	1.0377503206097307	192	10	0.0005052488272710242	0.0005778487965903197	1024	50																																																																																																																																																																																																																																				PRUNED
20	0.0748835542816195	2025-05-28 01:00:44.938523	2025-05-28 01:01:16.437698	0 days 00:00:31.499175	1.4879541736501365	192	7	0.0007357544269535109	0.00019503420763319874	64	150																																																																																																																																																																																																																																				PRUNED
21	0.07178007811307907	2025-05-28 01:01:16.438698	2025-05-28 01:01:58.323784	0 days 00:00:41.885086	1.8444555286659048	256	7	0.0004504924268672839	0.00010138984320192294	256	100	0.12154354431971907	0.8791208664646555	0.9343459256538544	0.11417122664993931	0.06880226122507437	160.8213901827302	5582.0	64.9426194281252	13.931433221940438	0.036725188104622	0.1175206019347904	0.06556789681117879	0.08204944464349695	0.006218078321943178	0.015398208584837623	0.07178012370077708	0.01020408163265306	93.40393976585293	98.0	343.9599907902422	118308.47526442353	113.7094029573721	70.24901014910576	138.45930544728785	207.19381114836992	0.12154408589426448	0.8791203244804963	0.9343454499128859	0.11417122664993931	0.06880217204800416	160.82210677176639	5582.0	64.94308276759041	13.931450474529745	0.036725188104622	0.1175206019347904	0.06556789681117879	0.08204944464349695	0.006218050615511263	0.015398098725597394	0.07178003480888481	0.01020408163265306	93.40393976585293	98.0	343.9599380361743	118308.43897384888	113.70933285473033	70.24897438041323	138.45930544728785	207.19354259706486	0.12154381385916224	0.8791205967213491	0.9343456829194762	0.11417122664993931	0.06880221549112449	160.82174682617188	5582.0	64.94285583496094	13.93144206982675	0.036725188104622	0.1175206019347904	0.06556789681117879	0.08204944464349695	0.006218064576387405	0.01539815217256546	0.07178007811307907	0.010204081423580647	93.40393976585293	98.0	343.9599609375	118308.4453125	113.70936806757311	70.24899189906652	138.45930544728785	207.19367342337068	0.08396448937819176	0.9167309147756596	0.9280851205095733	0.07279737955156383	0.03163641375848976	110.68792547474024	2791.0	70.78248732293824	28.782243616348424	0.003941239699032604	0.07631673235399498	0.01934790397706915	0.0401289860265138	0.009034409089437737	0.014127788353037057	0.03474364310612659	0.010101010101010102	84.50832645481931	99.0	146.25622224369695	21390.882544997676	83.83831575368072	49.34780129539503	62.30546144850194	67.23815883053071	0.08396557654343151	0.9167298267851034	0.9280840796331589	0.07279737955156383	0.03163623540240653	110.68935865281261	2791.0	70.78349733568817	28.782390896308815	0.003941239699032604	0.07631673235399498	0.01934790397706915	0.0401289860265138	0.009034292114173254	0.014127586763020995	0.03474346532234209	0.010101010101010102	84.50832645481931	99.0	146.25646537225612	21390.953663185952	83.83821625305919	49.34774595029646	62.30546144850194	67.2377797630819	0.08396503473996311	0.9167303689998794	0.9280845951225924	0.07279737955156383	0.031636325258545435	110.68864440917969	2791.0	70.78299713134766	28.782316696192165	0.003941239699032604	0.07631673235399498	0.01934790397706915	0.0401289860265138	0.009034350514411926	0.014127686619758606	0.03474355489015579	0.010101010091602802	84.50832645481931	99.0	146.25634765625	21390.91796875	83.83826584053668	49.347773359711375	62.30546144850194	67.23797073799409	1735112500.0	65.0	0.15884597599187172	0.8417878781906194	0.9400793258131962	0.15554386077819232	0.10596729899409016	210.95485489072018	2791.0	59.58456643299592	9.189773991523275	0.0695091365102114	0.1587244715155858	0.11178788964528842	0.12396990326048012	0.00474035072820687	0.016782869455373495	0.10881660429542755	0.010416666666666666	105.26475751389773	96.0	458.47501504072704	210199.33941659488	76.9968594897036	49.98379994893746	133.64314434890548	226.08127288315745	0.15884597599187172	0.8417878781906194	0.9400793258131962	0.15554386077819232	0.10596729899409016	210.95485489072018	2791.0	59.58456643299592	9.189773991523275	0.0695091365102114	0.1587244715155858	0.11178788964528842	0.12396990326048012	0.00474035072820687	0.016782869455373495	0.10881660429542755	0.010416666666666666	105.26475751389773	96.0	458.47501504072704	210199.33941659488	76.9968594897036	49.98379994893746	133.64314434890548	226.08127288315745	0.1588459717393431	0.8417878824463525	0.9400793241862325	0.15554386077819232	0.10596730349960475	210.95484924316406	2791.0	59.58456802368164	9.189773612236477	0.0695091365102114	0.1587244715155858	0.11178788964528842	0.12396990326048012	0.004740350879728794	0.016782868653535843	0.10881660878658295	0.010416666977107525	105.26475751389773	96.0	458.4750061035156	210199.34375	76.99685987896802	49.98379986243218	133.64314434890548	226.08128249567454	COMPLETE
22	0.07346925884485245	2025-05-28 01:01:58.324783	2025-05-28 01:02:34.463941	0 days 00:00:36.139158	2.213980013009602	256	7	0.00040120493160491176	0.00010103276524793013	256	100	0.12079129727615759	0.8798736824619142	0.9345313767406965	0.1102150283117945	0.0704974304972959	159.82604801146542	5582.0	64.762002636455	13.61102139600793	0.039412396990326046	0.11357936223575779	0.06718022214260122	0.07954138301683984	0.006256802395115614	0.015441153134401265	0.07346987201807624	0.01020408163265306	92.66263865660012	98.0	344.89523126141995	118952.72054686834	113.8067755267769	70.2629533310944	133.66149000653084	212.29870996709053	0.1207929219997938	0.8798720565094362	0.934529383933481	0.1102150283117945	0.07049623763104806	159.82819777857398	5582.0	64.76394349564231	13.611241683157665	0.039412396990326046	0.11357936223575779	0.06718022214260122	0.07954138301683984	0.006256718238075863	0.015440690390746291	0.07346868296647646	0.01020408163265306	92.66263865660012	98.0	344.89615016200577	118953.35439657285	113.80656521885162	70.26280350143232	133.66149000653084	212.29511772317764	0.12079210587795955	0.8798728732485352	0.9345303913488816	0.1102150283117945	0.07049681535692447	159.82711791992188	5582.0	64.7629623413086	13.611134993368237	0.039412396990326046	0.11357936223575779	0.06718022214260122	0.07954138301683984	0.006256760563701391	0.01544092409312725	0.07346925884485245	0.010204081423580647	92.66263865660012	98.0	344.8956604003906	118953.0234375	113.8066708595193	70.2628792441875	133.66149000653084	212.29685750939976	0.08215055417568617	0.9185462270187493	0.927518630824763	0.061647929887521345	0.03486560040531494	108.29666786098173	2791.0	71.33217967490982	26.341806773886567	0.010748835542816195	0.06520960229308491	0.02293084915800788	0.03403797921891795	0.009233894447091207	0.014018918313689734	0.03796246812467436	0.010101010101010102	84.50832645481931	99.0	118.21133259578214	13973.919154070625	84.00433254069496	49.317680113852376	52.76292557022953	74.10128074789385	0.08215354388009545	0.9185432350447197	0.9275142363948208	0.061647929887521345	0.03486321471907983	108.30060910068076	2791.0	71.33644380291656	26.34345697117944	0.010748835542816195	0.06520960229308491	0.02293084915800788	0.03403797921891795	0.009233558410279653	0.01401808033440427	0.037960090093491945	0.010101010101010102	84.50832645481931	99.0	118.21213645059954	13974.109204215167	84.00405891398576	49.31744645483683	52.76292557022953	74.09621035176043	0.08215204820052316	0.9185447318597303	0.9275164014382232	0.061647929887521345	0.034864372925102596	108.29863739013672	2791.0	71.33434295654297	26.342655805452797	0.010748835542816195	0.06520960229308491	0.02293084915800788	0.03403797921891795	0.009233726188540459	0.01401849277317524	0.03796124458312988	0.010101010091602802	84.50832645481931	99.0	118.21173095703125	13974.013671875	84.00419580306352	49.31756157372977	52.76292557022953	74.09867193419869	908658819.0	65.0	0.15914760191206012	0.8414860249792981	0.94088487082507	0.1587807028791277	0.10612848431191033	211.35542816194913	2791.0	58.79698341756173	9.176224966499406	0.0680759584378359	0.16194912217843066	0.11142959512719455	0.12504478681476172	0.004731366535964997	0.017007675256028795	0.10897727591147814	0.010309278350515464	105.26475751389773	97.0	467.5692118844866	218620.96790227992	76.9692495063565	50.02663059058415	136.42423615134436	226.4251618202992	0.1591478717026864	0.8414857549853703	0.9408848611648617	0.1587807028791277	0.10612848423966294	211.35578645646723	2791.0	58.796992862367325	9.176224972563471	0.0680759584378359	0.16194912217843066	0.11142959512719455	0.12504478681476172	0.004731358515258673	0.017007672524015156	0.10897727583946101	0.010309278350515464	105.26475751389773	97.0	467.5707591359988	218622.4147990142	76.9692248104859	50.026630076953104	136.42423615134436	226.42516166615937	0.15914773588112063	0.8414858909092848	0.9408848763694335	0.1587807028791277	0.1061284814980393	211.35560607910156	2791.0	58.79697799682617	9.176225202680964	0.0680759584378359	0.16194912217843066	0.11142959512719455	0.12504478681476172	0.00473136268556118	0.017007676884531975	0.108977273106575	0.010309278033673763	105.26475751389773	97.0	467.5699768066406	218621.6875	76.96923724320774	50.02663088537667	136.42423615134436	226.4251558169043	COMPLETE
23	0.07135756313800812	2025-05-28 01:02:34.465942	2025-05-28 01:03:10.722738	0 days 00:00:36.256796	2.2341671923499193	256	7	0.00036653095314361905	0.00011116902611039438	256	100	0.12244296424599319	0.8782207662721089	0.93401757478796	0.1102150283117945	0.06837844684938311	162.011465424579	5582.0	65.26241092112663	14.013911541586012	0.03654604084557506	0.11357936223575779	0.06538874955213185	0.08204944464349695	0.006172402659153335	0.01532275602273654	0.07135766463435418	0.01020408163265306	91.92133754734732	98.0	357.8137052504176	128030.64766503275	113.59297999506899	70.22432301484706	133.66149000653084	205.91752001846538	0.12244540133144749	0.878218327343392	0.9340161461539016	0.1102150283117945	0.06837824861287277	162.01469007524184	5582.0	65.2638023138895	14.013950348806796	0.03654604084557506	0.11357936223575779	0.06538874955213185	0.08204944464349695	0.006172279807069262	0.015322429348974341	0.07135746703178122	0.01020408163265306	91.92133754734732	98.0	357.81663004570527	128032.7407372651	113.59266453318106	70.22421560267165	133.66149000653084	205.9169230413115	0.12244418205737653	0.8782195475396474	0.9340168362695753	0.1102150283117945	0.06837834502742221	162.01307678222656	5582.0	65.26313018798828	14.013931474453011	0.03654604084557506	0.11357936223575779	0.06538874955213185	0.08204944464349695	0.0061723412945866585	0.015322587452828884	0.07135756313800812	0.010204081423580647	91.92133754734732	98.0	357.8151550292969	128031.6796875	113.59282235879184	70.22426748917496	133.66149000653084	205.91721338784365	0.08183364550830206	0.9188633762658939	0.927032112379581	0.06344622822043142	0.032777864086306965	107.87889645288428	2791.0	71.80427206349269	27.86956866878407	0.007165890361877463	0.06700107488355428	0.022214260121820137	0.0401289860265138	0.009269653591949251	0.013926747967248429	0.035881430813820676	0.01	84.50832645481931	100.0	116.08729073823154	13476.2590709427	84.03333697186946	49.291811133703014	54.30204426027347	69.66412970778725	0.08183772237795109	0.918859296301308	0.9270289937952125	0.06344622822043142	0.032777467839655	107.88427087065568	2791.0	71.80729817680479	27.869875454476293	0.007165890361877463	0.06700107488355428	0.022214260121820137	0.0401289860265138	0.009269191810165889	0.013926161064266588	0.03588103583862216	0.01	84.50832645481931	100.0	116.08922367572944	13476.707853633543	84.03296384453873	49.291645313479904	54.30204426027347	69.66328754863721	0.08183568432674315	0.9188613358996931	0.9270305284561946	0.06344622822043142	0.03277766510427818	107.88158416748047	2791.0	71.8058090209961	27.86972272561864	0.007165890361877463	0.06700107488355428	0.022214260121820137	0.0401289860265138	0.009269422851502895	0.013926450163125992	0.03588123247027397	0.009999999776482582	84.50832645481931	100.0	116.08824920654297	13476.4814453125	84.03315037309436	49.29172691391022	54.30204426027347	69.66370680317618	1373638018.0	65.0	0.16275335363238003	0.8378775561337625	0.9403534464222818	0.15698245726749696	0.10397825401584904	216.14403439627372	2791.0	59.316558149518244	9.360324901204143	0.06592619132927266	0.1601576495879613	0.10856323898244356	0.12396990326048012	0.004626544529869475	0.01685869900743932	0.10683389845488768	0.010309278350515464	103.78215529539213	97.0	486.5432829791942	236724.36621217226	76.63918919559285	49.998374878212246	134.87918514998944	221.83764466226938	0.16275416300425888	0.8378767461519789	0.9403534163023789	0.15698245726749696	0.10397825378516641	216.145109279828	2791.0	59.316587597809274	9.360324921351143	0.06592619132927266	0.1601576495879613	0.10856323898244356	0.12396990326048012	0.004626521522193545	0.01685869063777588	0.10683389822494026	0.010309278350515464	103.78215529539213	97.0	486.54760204359064	236728.56905436824	76.639115107981	49.99837327674398	134.87918514998944	221.83764417010792	0.16275376222504712	0.8378771472331992	0.9403534418165129	0.15698245726749696	0.10397825308904016	216.1445770263672	2791.0	59.31656265258789	9.36032498214834	0.06592619132927266	0.1601576495879613	0.10856323898244356	0.12396990326048012	0.004626533016562462	0.016858696937561035	0.10683389753103256	0.010309278033673763	103.78215529539213	97.0	486.54547119140625	236726.484375	76.63915179417613	49.99837463332458	134.87918514998944	221.83764268492226	COMPLETE
24	0.04424937298459333	2025-05-28 01:03:10.723739	2025-05-28 01:03:13.670480	0 days 00:00:02.946741	2.3026586256787525	256	4	0.0005286040325234023	0.00010247998173713398	256	100																																																																																																																																																																																																																																				PRUNED
25	0.0773916159082766	2025-05-28 01:03:13.672481	2025-05-28 01:03:22.204445	0 days 00:00:08.531964	1.7515739611225185	256	10	0.0006919125252162558	0.0001329740439442298	256	150																																																																																																																																																																																																																																				PRUNED
26	0.04371193120745252	2025-05-28 01:03:22.205418	2025-05-28 01:03:25.118007	0 days 00:00:02.912589	2.2612791593559005	256	7	0.00028076827541341737	0.00014557951953226002	256	100																																																																																																																																																																																																																																				PRUNED
27	0.07452525976352561	2025-05-28 01:03:25.120007	2025-05-28 01:03:38.762038	0 days 00:00:13.642031	1.5550667875720703	256	4	0.0004580075032685346	0.00012123355681610964	128	100																																																																																																																																																																																																																																				PRUNED
28	0.0748835542816195	2025-05-28 01:03:38.763038	2025-05-28 01:04:20.040593	0 days 00:00:41.277555	2.1190211242536545	192	7	0.0003638224433414146	0.00010247694062995065	32	150																																																																																																																																																																																																																																				PRUNED
29	0.0714797563597277	2025-05-28 01:04:20.041592	2025-05-28 01:04:32.696440	0 days 00:00:12.654848	1.590123646229615	256	10	0.0005916120803795939	0.00014678269918237528	512	100																																																																																																																																																																																																																																				PRUNED
